Number,Product
5060999705534,K-40 CHESTNUT
5060999705527,K-40 BROWN
5060999705558,K-41 CHESTNUT
5060999705541,K-41 BROWN
5060999705572,K-42 CHESTNUT
5060999705565,K-42 BROWN
5060999705596,K-43 CHESTNUT
5060999705589,K-43 BROWN
5060999705619,K-44 CHESTNUT
5060999705602,K-44 BROWN
5060999705633,K-45 CHESTNUT
5060999705626,K-45 BROWN
5060999705657,K-46 CHESTNUT
5060999705640,K-46 BROWN
5060999705671,K-47 CHESTNUT
5060999705664,K-47 BROWN
5060999705695,K-48 CHESTNUT
5060999705688,K-48 BROWN
5060999705718,K-49 CHESTNUT
5060999705701,K-49 BROWN
5061027910357,K-50 BLACK
5060999705732,K-50 CHESTNUT
5060999705725,K-50 BROWN
5060821289676,T-71 BLACK
5060821289669,T-71 CHESTNUT
5060999702892,T-71 HONEY
5060821289690,T-72 BLACK
5060821289683,T-72 CHESTNUT
5060999702908,T-72 HONEY
5060821289713,T-73 BLACK
5060821289706,T-73 CHESTNUT
5060999702915,T-73 HONEY
5060821289737,T-74 BLACK
5060821289720,T-74 CHESTNUT
5060999702922,T-74 HONEY
5060821289751,T-75 BLACK
5060821289744,T-75 CHESTNUT
5060999702939,T-75 HONEY
5060821289775,T-76 BLACK
5060821289768,T-76 CHESTNUT
5060999702946,T-76 HONEY
5060821289799,T-77 BLACK
5060821289782,T-77 CHESTNUT
5060999702953,T-77 HONEY
5060821289812,T-78 BLACK
5060821289805,T-78 CHESTNUT
5060999702960,T-78 HONEY
5060999701468,DAVID BROWN
5060999701451,DAVID TAN
5060999701482,DEAN BROWN
5060999701475,DEAN TAN
5060999701505,DOM BROWN
5060999701499,DOM TAN
5060999701567,SAVILLE BROWN
5060999701550,SAVILLE TAN
5060999701543,ROW BROWN
5060999701536,ROW TAN
5060999701529,AUSTIN BROWN
5060999701512,AUSTIN TAN
5060999701444,TOMMY BROWN
5060999701437,TOMMY TAN
5061027910074,8145 BLACK
5060999702083,JONES OILY BROWN
5060999702076,PETER OILY BROWN
5060999702069,ADRIAN OILY BROWN
5060999702052,CURTIS OILY BROWN
5060821282370,11319 TORNADO BROWN
5060821288709,79014 TORNADO BROWN
5060474524254,WALTER TORNADO BROWN
5060474524285,TOBY TORNADO BROWN
5060474524292,DOUG TORNADO BROWN
5060474524261,KANE TORNADO BROWN
5060474524230,LIAM TORNADO BROWN
5060474524247,MARCUS TORNADO BROWN
5060821287177,JACKSON TORNADO BROWN
5060821287153,JILL TORNADO BROWN
5060821287160,JOULES TORNADO BROWN
5060821286835,DR. BAG TORNADO BROWN
5060821288068,LOU TORNADO BROWN
5060821286811,EDWARD TORNADO BROWN
5060821286743,SAVOY TORNADO BROWN
5060821286736,MADDOX TORNADO BROWN
5060474523639,GLADSTONE TORNADO BROWN
5060821288747,SAVOY BROWN TWEED
5060821288723,MADDOX BROWN TWEED
5060821286781,DR. BAG BROWN TWEED
5060821287184,DOUG BROWN TWEED
5060821286767,TOBY BROWN TWEED
5060821286729,LIAM BROWN TWEED
5060821286712,MARCUS BROWN TWEED
5060821288716,SAVOY BRANDY 
5060821286743,SAVOY DK BROWN
5060821282356,SAVOY TAN
5060821288730,MADOX BRANDY 
5060821287191,MADOX DK BROWN
5060821282394,MADOX TAN
5060821286842,DR. BAG BRANDY
5060821286774,DR. BAG DK BROWN
5060821286828,DR. BAG TAN
5060474524469,HARPER BRANDY BROWN
5060474524575,DEXTER BRANDY BROWN
5060474524452,RUDY BRANDY BROWN
5060474525312,ELLIOT BLACK 
5060474525305,ELLIOT TAN 
5060474525299,OSCAR BLACK 
5060474525282,OSCAR TAN 
5060474525350,FRANCIS BLACK 
5060474525343,FRANCIS TAN 
5060474525374,PHIL BLACK 
5060474525367,PHIL TAN 
5060474525275,JACK BLACK 
5060474525268,JACK TAN 
5060474525336,HARVEY BLACK 
5060474525329,HARVEY TAN 
5060474526463,4551 BLACK 
5060474526470,4551 TAN 
5060474526487,4552 BLACK 
5060474526494,4552 TAN 
5060474526500,4553 BLACK 
5060474526517,4553 TAN 
5060474526524,4554 BLACK 
5060474526531,4554 TAN 
5060474521567,4555 BLACK 
5060474521574,4555 TAN 
5060474526548,4556 BLACK 
5060474526555,4556 TAN 
5060474526562,4557 BLACK 
5060474526579,4557 TAN 
5060474526654,G-31 BRANDY BROWN
5060474526685,G-32 BRANDY BROWN
5060474526715,G-33 BRANDY BROWN
5060474526746,G-34 BRANDY BROWN
5060474526777,G-36 BRANDY BROWN
5060821280239,G-37 BRANDY BROWN
5060821286545,G-38 BRANDY BROWN
5060821286699,G-39 BRANDY BROWN
5060474522021,PEDRO COGNAC
5060474521581,RUCKSACK CHESTNUT
5060474521598,RUCKSACK BROWN
5060474524520,A4 SLEEVE CHESTNUT
5060474524513,A4 SLEEVE BROWN
5060474524216,CHARLES CHESTNUT 
5060474523912,CHARLES BROWN  
5060474525381,FRED VINTAGE TAN 
5060474525404,ED VINTAGE TAN 
5060821282905,NOAH VINTAGE TAN 
5060474525398,PERRY VINTAGE TAN 
5060821282929,ADAM VINTAGE TAN 
5060474525893,ROBIN VINTAGE TAN 
5060821282875,RALPH VINTAGE TAN 
5060821282882,LAUREN VINTAGE TAN 
5060821282912,OLIVER VINTAGE TAN 
5060474525411,SEB VINTAGE TAN 
5060821282370,11319 CHESTNUT 
5060821288785,79014 CHESTNUT 
5060821288792,89149 BLACK
5060821288808,89149 CHESTNUT 
5060821289560,89150A BLACK
5060821289553,89150A CHESTNUT 
5060474520300,89151 BLACK
5060821288822,89151 CHESTNUT 
5060474524360,HENRY MUD
5060474524421,7010 MUD
5060821282448,W-70 TAN
5060821282462,W-71 TAN
5060821282486,W-72 TAN
5060821282509,W-73 TAN
5060821282547,W-74 TAN
5060821282585,W-76 TAN
5060821282608,W-77 TAN
5060821282523,W-81 TAN
5060821282622,W-82 TAN
5060821282646,W-83 TAN
5060821282660,W-84 TAN
5060821282684,W-85 TAN
5060474526593,1661 CHESTNUT
5060474526609,1662 CHESTNUT
5060474526616,1663 CHESTNUT
5060821282899,1666 CHESTNUT
5060474526630,1667 CHESTNUT
5060474527453,1411 C BLACK
5060474527460,1411 C BROWN
5060474527477,1411 C TAN
5060474527514,1415 C BLACK
5060474527521,1415 C BROWN
5060474527538,1415 C TAN
5060474527545,1416 C BLACK
5060474527552,1416 C BROWN
5060474527569,1416 C TAN
5060474527576,1417 C BLACK
5060474527583,1417 C BROWN
5060474527590,1417 C TAN
5060474526296,8341 BROWN 
5060474526302,8341 TAN 
5060474526326,8342 BROWN 
5060474526333,8342 TAN 
5060474526357,8343 BROWN 
5060474526364,8343 TAN 
5060821282417,7993 RUST
5060821282431,7994 RUST
5060474527637,1211 VT BLACK
5060474527644,1211 VT BROWN
5060474527651,1211 VT TAN
5060474527668,1222 VT BLACK
5060474527675,1222 VT BROWN
5060474527682,1222 VT TAN
5060474527699,1246 VT BLACK
5060474527705,1246 VT BROWN
5060474527712,1246 VT TAN
5060474527729,1258 VT BLACK
5060474527736,1258 VT BROWN
5060474527743,1258 VT TAN
5060999704384,1275 VT BLACK 
5060999704391,1275 VT BROWN
5060999704407,1275 VT TAN
5060474527804,1290 VT BLACK 
5060474527798,1290 VT BROWN
5060474527781,1290 VT TAN
5060474527811,1293 VT BLACK
5060474527828,1293 VT BROWN
5060474527835,1293 VT TAN
5060474526975,TW-01 BLACK
5060474526982,TW-01 BROWN
5060474527101,TW-01 CHESTNUT
5060999705459,GS-1234 BROWN
5060999705466,GS-1234 CHESTNUT
5060999705442,GS-1234 BLACK
5060821283292,GS-1295 BLACK
5060821283308,GS-1295 BROWN
5060821283315,GS-1295 CHESTNUT
5060821283964,GS-1250 M/L BLACK
5060821283971,GS-1250 L/XL BLACK
5060821283988,GS-1250 M/L BROWN
5060821283995,GS-1250 L/XL BROWN
5060821283940,GS-1250 M/L CHESTNUT
5060821283957,GS-1250 L/XL CHESTNUT
5060999704414,GS-1280 BLACK
5060999704421,GS-1280 BROWN
5060999704438,GS-1280 CHESTNUT
5060821283261,GS-1298 BLACK
5060821283278,GS-1298 BROWN
5060821283285,GS-1298 CHESTNUT
5060821282349,GS-1287 BLACK
5060821280246,GS-1287 BROWN
5060821280253,GS-1287 CHESTNUT
5061027919534,MB-102 S/M NAVY
5061027919541,MB-102 L/XL NAVY
5061027919558,MB-102 2XL/3XL NAVY
5060821288884,MB-102 S/M BLACK
5060821288891,MB-102 L/XL BLACK
5060821288907,MB-102 2XL/3XL BLACK
5060821288914,MB-102 S/M BROWN
5060821288921,MB-102 L/XL BROWN
5060821288938,MB-102 2XL/3XL BROWN
5060821288945,MB-102 S/M TAN
5060821288969,MB-102 L/XL TAN
5060821288952,MB-102 2XL/3XL TAN
5061027919565,MB-107 S/M NAVY 
5061027919572,MB-107 L/XL NAVY
5061027919589,MB-107 2XL/3XL NAVY
5060821289003,MB-107 S/M BLACK
5060821289010,MB-107 L/XL BLACK
5060821289027,MB-107 2XL/3XL BLACK
5060821289034,MB-107 S/M BROWN
5060821289041,MB-107 L/XL BROWN
5060821289058,MB-107 2XL/3XL BROWN
5060821289065,MB-107 S/M TAN
5060821289072,MB-107 L/XL TAN
5060821289089,MB-107 2XL/3XL TAN
5061027919596,MB-109 S/M NAVY
5061027919602,MB-109 L/XL NAVY
5061027919619,MB-109 2XL/3XL NAVY
5060821289096,MB-109 S/M BLACK
5060821289102,MB-109 L/XL BLACK
5060821289119,MB-109 2XL/3XL BLACK
5060821289126,MB-109 S/M BROWN
5060821289133,MB-109 L/XL BROWN
5060821289140,MB-109 2XL/3XL BROWN
5060821289157,MB-109 S/M TAN 
5060821289164,MB-109 L/XL TAN
5060821289171,MB-109 2XL/3XL TAN
5060474527071,5995 COPPER BROWN
5060999701093,5995 BRANDY 
5060999701109,5995 TAN
5060474527088,5996 COPPER BROWN
5060999701116,5996 BRANDY 
5060999701123,5996 TAN
5060999700942,A4 BOOK COVER COPPER BROWN
5060999700973,A4 BOOK COVER BRANDY 
5060999701000,A4 BOOK COVER TAN
5060999700959,A5 BOOK COVER COPPER BROWN
5060999700980,A5 BOOK COVER BRANDY 
5060999701017,A5 BOOK COVER TAN
5060999700966,A6 BOOK COVER COPPER BROWN
5060999700997,A6 BOOK COVER BRANDY 
5060999701024,A6 BOOK COVER TAN
5061027919626,5998 COPPER BROWN
5061027919633,5998 BRANDY 
5061027919640,5998 TAN
5061027919657,5999 COPPER BROWN
5061027919664,5999 BRANDY 
5061027919671,5999 TAN
5060474527040,5991 COPPER BROWN
5060999701031,5991 BRANDY 
5060999701048,5991 TAN
5060474527057,5993 COPPER BROWN
5060999701055,5993 BRANDY 
5060999701062,5993 TAN
5060474527064,5994 COPPER BROWN
5060999701079,5994 BRANDY 
5060999701086,5994 TAN
5061027919688,710 BLACK S
5061027919695,710 BLACK M
5061027919701,710 BLACK L
5061027919718,710 BLACK XL
5061027919749,710 BROWN S
5061027919725,710 BROWN M
5061027919732,710 BROWN L
5061027919756,710 BROWN XL
5061027919763,710 TAN S 
5061027919770,710 TAN M
5061027919787,710 TAN L
5061027919794,710 TAN XL
5061027919800,821 BLACK S
5061027919817,821 BLACK M
5061027919824,821 BLACK L
5061027919831,821 BLACK XL
5061027919848,821 BROWN S 
5061027919855,821 BROWN M 
5061027919862,821 BROWN L
5061027919879,821 BROWN XL
5061027919886,DB-905 BLACK S/M
5061027919893,DB-905 BLACK L/XL
5061027919909,DB-905 TAUPE S/M
5061027919916,DB-905 TAUPE L/XL
5061027919923,DB-905 BROWN S/M
5061027919930,DB-905 BROWN L/XL
5061027919947,775 BLACK S
5061027919954,775 BLACK M
5061027919961,775 BLACK L
5061027919978,775 BLACK XL
5061027919985,775 TAN S 
5061027919992,775 TAN M
5061042990006,775 TAN L
5061042990013,775 TAN XL
5061042990068,750 BLACK S
5061042990075,750 BLACK M
5061042990082,750 BLACK L
5061042990099,750 BLACK XL
5061042990020,750 TAN S
5061042990037,750 TAN M
5061042990044,750 TAN L
5061042990051,750 TAN XL
5061042990105,708 BLACK S
5061042990112,708 BLACK M
5061042990129,708 BLACK L
5061042990136,708 BLACK XL
5061042990143,708 BROWN S 
5061042990150,708 BROWN M
5061042990167,708 BROWN L
5061042990174,708 BROWN XL
5061042990181,708 TAN S 
5061042990198,708 TAN M
5061042990204,708 TAN L
5061042990211,708 TAN XL
5061042990266,714 BLACK S
5061042990273,714 BLACK M
5061042990280,714 BLACK L
5061042990297,714 BLACK XL
5061042990228,714 BROWN S
5061042990235,714 BROWN M
5061042990242,714 BROWN L
5061042990259,714 BROWN XL
5061042990303,799 BLACK S
5061042990310,799 BLACK M
5061042990327,799 BLACK L
5061042990334,799 BLACK XL
5061042990341,799 BROWN S
5061042990358,799 BROWN M
5061042990365,799 BROWN L
5061042990372,799 BROWN XL
5061042990389,799 KHAKI S
5061042990396,799 KHAKI M
5061042990402,799 KHAKI L
5061042990419,799 KHAKI XL
5061042990426,501 BLACK S
5061042990433,501 BLACK M
5061042990440,501 BLACK L
5061042990457,501 BLACK XL
5061042990464,501 BROWN S
5061042990471,501 BROWN M
5061042990488,501 BROWN L
5061042990495,501 BROWN XL
5061042990501,VIN-37 GREEN
5061042990518,VIN-37 TAN
5061042990532,VIN-39 GREEN
5061042990525,VIN-39 TAN
5061027913198,VIN-8 RED
5061027913204,VIN-8 GREEN
5061027913228,VIN-8 BLUE
5061027913242,VIN-11 RED
5061027913259,VIN-11 GREEN
5061027913273,VIN-11 BLUE
5061027913297,VIN-18 RED
5061027913280,VIN-18 GREEN
5061027913303,VIN-18 BLUE
5061027913327,VIN-22 RED
5061027913310,VIN-22 GREEN
5061027913150,VIN-22 TAN 
5061027913334,VIN-22 BLUE
5061027913358,VIN-26 RED
5061027913341,VIN-26 GREEN
5061027913365,VIN-26 BLUE
5060821287733,APRON 1 MUD BROWN
5060821287740,APRON 2 MUD BROWN
5060821287757,APRON 3 MUD BROWN
5060821287764,APRON 4 MUD BROWN
5061042992024,AMJ-3 BLACK S
5061042992031,AMJ-3 BLACK M
5061042992048,AMJ-3 BLACK L
5061042992055,AMJ-3 BLACK XL
5061042992062,AMJ-3 BLACK 2XL
5061042992079,AMJ-3 BLACK 3XL
5061042992086,AMJ-3 COGNAC S
5061042992093,AMJ-3 COGNAC M
5061042992109,AMJ-3 COGNAC L
5061042992116,AMJ-3 COGNAC XL
5061042992123,AMJ-3 COGNAC 2XL
5061042992130,AMJ-3 COGNAC 3XL
5061042992147,AMJ-3 DARK BROWN S
5061042992154,AMJ-3 DARK BROWN M
5061042992161,AMJ-3 DARK BROWN L
5061042992178,AMJ-3 DARK BROWN XL
5061042992185,AMJ-3 DARK BROWN 2XL
5061042992192,AMJ-3 DARK BROWN 3XL
5061042992208,AMJ-4 BLACK S
5061042992215,AMJ-4 BLACK M
5061042992222,AMJ-4 BLACK L
5061042992239,AMJ-4 BLACK XL
5061042992246,AMJ-4 BLACK 2XL
5061042992253,AMJ-4 BLACK 3XL
5061042992260,AMJ-4 COGNAC S
5061042992277,AMJ-4 COGNAC M
5061042992284,AMJ-4 COGNAC L
5061042992291,AMJ-4 COGNAC XL
5061042992307,AMJ-4 COGNAC 2XL
5061042992314,AMJ-4 COGNAC 3XL
5061042992321,AMJ-4 DARK BROWN S
5061042992338,AMJ-4 DARK BROWN M 
5061042992345,AMJ-4 DARK BROWN L
5061042992352,AMJ-4 DARK BROWN XL
5061042992369,AMJ-4 DARK BROWN 2XL
5061042992376,AMJ-4 DARK BROWN 3XL
5061042992383,AMJ-5 BLACK S
5061042992390,AMJ-5 BLACK M
5061042992406,AMJ-5 BLACK L
5061042992413,AMJ-5 BLACK XL
5061042992420,AMJ-5 BLACK 2XL
5061042992437,AMJ-5 BLACK 3XL
5061042992444,AMJ-5 COGNAC S
5061042992451,AMJ-5 COGNAC M
5061042992468,AMJ-5 COGNAC L
5061042992475,AMJ-5 COGNAC XL
5061042992482,AMJ-5 COGNAC 2XL
5061042992499,AMJ-5 COGNAC 3XL
5061042992505,AMJ-5 DARK BROWN S
5061042992512,AMJ-5 DARK BROWN M 
5061042992529,AMJ-5 DARK BROWN L
5061042992536,AMJ-5 DARK BROWN XL
5061042992543,AMJ-5 DARK BROWN 2XL
5061042992550,AMJ-5 DARK BROWN 3XL
5061042992567,AMJ-6 BLACK S
5061042992574,AMJ-6 BLACK M
5061042992581,AMJ-6 BLACK L
5061042992598,AMJ-6 BLACK XL
5061042992604,AMJ-6 BLACK 2XL
5061042992611,AMJ-6 BLACK 3XL
5061042992628,AMJ-6 COGNAC S
5061042992635,AMJ-6 COGNAC M
5061042992642,AMJ-6 COGNAC L
5061042992659,AMJ-6 COGNAC XL
5061042992666,AMJ-6 COGNAC 2XL
5061042992673,AMJ-6 COGNAC 3XL
5061042992734,AMJ-6 DARK BROWN S
5061042992741,AMJ-6 DARK BROWN M 
5061042992758,AMJ-6 DARK BROWN L
5061042992765,AMJ-6 DARK BROWN XL
5061042992772,AMJ-6 DARK BROWN 2XL
5061042992789,AMJ-6 DARK BROWN 3XL
5061042992796,AMJ-8 BLACK S
5061042992802,AMJ-8 BLACK M
5061042992819,AMJ-8 BLACK L
5061042992826,AMJ-8 BLACK XL
5061042992833,AMJ-8 BLACK 2XL
5061042992840,AMJ-8 BLACK 3XL
5061042992857,AMJ-8 COGNAC S
5061042992864,AMJ-8 COGNAC M
5061042992871,AMJ-8 COGNAC L
5061042992888,AMJ-8 COGNAC XL
5061042992895,AMJ-8 COGNAC 2XL
5061042992901,AMJ-8 COGNAC 3XL
5061042992734,AMJ-8 DARK BROWN S
5061042992741,AMJ-8 DARK BROWN M 
5061042992758,AMJ-8 DARK BROWN L
5061042992765,AMJ-8 DARK BROWN XL
5061042992772,AMJ-8 DARK BROWN 2XL
5061042992789,AMJ-8 DARK BROWN 3XL
5061042992970,AMJ-9 BLACK S
5061042992987,AMJ-9 BLACK M
5061042992994,AMJ-9 BLACK L
5061042993007,AMJ-9 BLACK XL
5061042993014,AMJ-9 BLACK 2XL
5061042993021,AMJ-9 BLACK 3XL
5061042993038,AMJ-9 COGNAC S
5061042993045,AMJ-9 COGNAC M
5061042993052,AMJ-9 COGNAC L
5061042993069,AMJ-9 COGNAC XL
5061042993076,AMJ-9 COGNAC 2XL
5061042993083,AMJ-9 COGNAC 3XL
5061042993090,AMJ-9 DARK BROWN S
5061042993106,AMJ-9 DARK BROWN M 
5061042993113,AMJ-9 DARK BROWN L
5061042993120,AMJ-9 DARK BROWN XL
5061042993137,AMJ-9 DARK BROWN 2XL
5061042993144,AMJ-9 DARK BROWN 3XL
5061042990549,1895 BLACK S
5061042990556,1895 BLACK M
5061042990563,1895 BLACK L
5061042990570,1895 BLACK XL
5061042990587,1895 BLACK 2XL
5061042990594,1895 BLACK 3XL
5061042990600,1895 TIMBER S
5061042990617,1895 TIMBER M
5061042990624,1895 TIMBER L
5061042990631,1895 TIMBER XL
5061042990648,1895 TIMBER 2XL
5061042990655,1895 TIMBER 3XL
5061042990662,1895 TAN S
5061042990679,1895 TAN M
5061042990686,1895 TAN L
5061042990693,1895 TAN XL
5061042990709,1895 TAN 2XL 
5061042990716,1895 TAN 3XL
5061042990723,2101 BLACK S
5061042990730,2101 BLACK M
5061042990747,2101 BLACK L
5061042990754,2101 BLACK XL
5061042990761,2101 BLACK 2XL
5061042990778,2101 BLACK 3XL
5061042990785,2101 TIMBER S
5061042990792,2101 TIMBER M
5061042990808,2101 TIMBER L
5061042990815,2101 TIMBER XL
5061042990822,2101 TIMBER 2XL
5061042990839,2101 TIMBER 3XL
5061042990846,2101 TAN S 
5061042990853,2101 TAN M
5061042990860,2101 TAN L
5061042990877,2101 TAN XL
5061042990884,2101 TAN 2XL 
5061042990891,2101 TAN 3XL
5061042990907,2199 BLACK S
5061042990914,2199 BLACK M
5061042990921,2199 BLACK L
5061042990938,2199 BLACK XL
5061042990945,2199 BLACK 2XL
5061042990952,2199 BLACK 3XL
5061042990969,2199 TIMBER S
5061042990976,2199 TIMBER M
5061042990983,2199 TIMBER L
5061042990990,2199 TIMBER XL
5061042991003,2199 TIMBER 2XL
5061042991010,2199 TIMBER 3XL
5061042991027,2199 TAN S
5061042991034,2199 TAN M
5061042991041,2199 TAN L
5061042991058,2199 TAN XL
5061042991065,2199 TAN 2XL
5061042991072,2199 TAN 3XL
5061042991089,2238 BLACK S
5061042991096,2238 BLACK M
5061042991102,2238 BLACK L
5061042991119,2238 BLACK XL
5061042991126,2238 BLACK 2XL
5061042991133,2238 BLACK 3XL
5061042991140,2238 TIMBER S
5061042991157,2238 TIMBER M
5061042991164,2238 TIMBER L
5061042991171,2238 TIMBER XL
5061042991188,2238 TIMBER 2XL
5061042991195,2238 TIMBER 3XL
5061042991201,2238 TAN S
5061042991218,2238 TAN M
5061042991225,2238 TAN L
5061042991232,2238 TAN XL
5061042991249,2238 TAN 2XL
5061042991256,2238 TAN 3XL
5061042991263,KE-007 TOBACCO S
5061042991270,KE-007 TOBACCO M
5061042991287,KE-007 TOBACCO L
5061042991294,KE-007 TOBACCO XL
5061042991300,KE-007 TOBACCO 2XL
5061042991317,KE-007 TOBACCO 3XL
5061042991324,KE-007 TAN S
5061042991331,KE-007 TAN M
5061042991348,KE-007 TAN L
5061042991355,KE-007 TAN XL
5061042991362,KE-007 TAN 2XL
5061042991379,KE-007 TAN 3XL
5061042991386,KE-176 TOBACCO S
5061042991393,KE-176 TOBACCO M
5061042991409,KE-176 TOBACCO L
5061042991416,KE-176 TOBACCO XL
5061042991423,KE-176 TOBACCO 2XL
5061042991430,KE-176 TOBACCO 3XL
5061042991447,KE-176 TAN S
5061042991454,KE-176 TAN M
5061042991461,KE-176 TAN L
5061042991478,KE-176 TAN XL
5061042991485,KE-176 TAN 2XL
5061042991492,KE-176 TAN 3XL
5061042991508,KE-98 TOBACCO S
5061042991515,KE-98 TOBACCO M
5061042991522,KE-98 TOBACCO L
5061042991539,KE-98 TOBACCO XL
5061042991546,KE-98 TOBACCO 2XL
5061042991553,KE-98 TOBACCO 3XL
5061042991560,KE-98 TAN S
5061042991577,KE-98 TAN M
5061042991584,KE-98 TAN L
5061042991591,KE-98 TAN XL
5061042991607,KE-98 TAN 2XL
5061042991614,KE-98 TAN 3XL
5061042991720,KE-117 GINGER S
5061042991737,KE-117 GINGER M
5061042991744,KE-117 GINGER L
5061042991751,KE-117 GINGER XL
5061042991768,KE-117 GINGER 2XL
5061042991775,KE-117 GINGER 3XL
5061042991782,KE-184 BROWN/CREAM S
5061042991799,KE-184 BROWN/CREAM M
5061042991805,KE-184 BROWN/CREAM L
5061042991812,KE-184 BROWN/CREAM XL
5061042991829,KE-184 BROWN/CREAM 2XL
5061042991836,KE-184 BROWN/CREAM 3XL
5061042991843,KE-72 TAN S
5061042991850,KE-72 TAN M
5061042991867,KE-72 TAN L
5061042991874,KE-72 TAN XL
5061042991881,KE-72 TAN 2XL
5061042991898,KE-72 TAN 3XL
5061042991904,KE-72 PIERRE CARDIN S
5061042991911,KE-72 PIERRE CARDIN M
5061042991928,KE-72 PIERRE CARDIN L
5061042991935,KE-72 PIERRE CARDIN XL
5061042991942,KE-72 PIERRE CARDIN 2XL
5061042991959,KE-72 PIERRE CARDIN 3XL
5061042991966,KE-72 GREY S
5061042991973,KE-72 GREY M
5061042991980,KE-72 GREY L
5061042991997,KE-72 GREY XL
5061042992000,KE-72 GREY 2XL
5061042992017,KE-72 GREY 3XL
5061049603442,LF-101 
5061049603459,LF-102 
5061049603466,LF-103 
5061049603473,LF-104 
5061049603480,LF-105 
5061049603497,LF-106 
5061049603503,LF-107 
5061049603510,LF-108 
5061049603527,LF-109 
5061049603534,LF-110 
5061049603541,LF-111 
5061049603558,LF-112 
5061049603565,LF-113 
5061049603572,LF-114 
5061049603589,LF-115 
5061049603596,LF-116 
5061049603602,LF-117 
5061049603619,LF-118 
5061049603626,LF-119 
5061049603633,LF-120 
5061049603640,LF-121 
5061049603657,LF-122 
5061049603664,LF-123 
5061049603671,LF-124 
5061049603688,LF-125 
5061049603695,LF-126 
5061049603701,LF-127 
5061049603718,LF-128 
5061049603725,LF-129 
5061049603732,LF-130 
5061049603749,LF-131 
5061049603756,LF-132 
5061049603763,LF-133 
5061049603770,LF-134 
5061049603787,LF-135 
5061049603794,LF-136 
5061049603800,LF-137 
5061049603817,LF-138 
5061049603824,LF-139 
5061049603831,LF-140 
5061049603848,LF-141 
5061049603855,LF-142 
5061049603862,LF-143 
5061049603879,LF-144 
5061049603886,LF-145 
5061049603893,LF-146 
5061049603909,LF-147 
5061049603916,LF-148 
5061049603923,LF-149 
5061049603930,LF-150 
5061049603947,LF-151 
5061049603954,LF-152 
5061049603961,LF-153 
5061049603978,LF-154 
5061049603985,LF-155 
5061049603992,LF-156 
5061049604005,LF-157 
5061049604012,LF-158 
5061049604029,LF-159 
5061049604036,LF-160 
5061049604043,LF-161 
5061049604050,LF-162 
5061049604067,LF-163 
5061049604074,LF-164 
5061049604081,LF-165 
5061049604098,LF-166 
5061049604104,LF-167 
5061049604111,LF-168 
5061049604128,LF-169 
5061049604135,LF-170 
5061049604142,LF-171 
5061049604159,LF-172 
5061049604166,LF-173 
5061049604173,LF-174 
5061049604197,LF-175 
5061049604203,LF-176 
5061049604210,LF-177 
5061049604227,LF-178 
5061049604234,LF-179 
5061049604241,LF-180 
5061049604258,LF-181 
5061049604265,LF-182 
5061049604272,LF-183 
5061049604289,LF-184 
5061049604296,LF-185 
5061049604302,LF-186 
5061049604319,LF-187 
5061049604326,LF-188 
5061049604340,LF-189 
5061049604357,LF-190 
5061049604364,LF-191 
, 
5060821288761,11319 BLACK
5060821282370,11319 BROWN
5060821289430,11319 CHESTNUT
5060474527170,1551 BLACK
5060474527187,1551 TAN
5060474527194,1552 BLACK
5060474527200,1552 TAN
5060474527217,1553 BLACK
5060474527224,1553 TAN
5060474527231,1554 BLACK
5060474527248,1554 TAN
5060474527255,1555 BLACK
5060474527262,1555 TAN
5060474527279,1556 BLACK
5060474527286,1556 TAN
5060474527293,1557 BLACK
5060474527309,1557 TAN
5060474527316,1558 BLACK
5060474527323,1558 TAN
5060821286576,1660 BROWN
5060474526586,1660 TAN
5060821286606,1661 BROWN
5060474526593,1661 TAN
5060821286590,1662 BROWN
5060474526609,1662 TAN
5060821286583,1663 BROWN
5060474526616,1663 TAN
5060821280215,1666 BROWN
5060821282899,1666 TAN
5060821286569,1667 BROWN
5060474526630,1667 TAN
5060821283544,1775 BROWN
5060474527118,1775 RUST
5060821283551,1776 BROWN
5060474527125,1776 RUST
5060821283568,1777 BROWN
5060474527132,1777 RUST
5060821283575,1778 BROWN
5060474527149,1778 RUST
5060821283582,1779 BROWN
5060474527156,1779 RUST
5060821283599,1780 BROWN
5060474527163,1780 RUST
5060474527330,1881 BROWN
5060474527347,1881 CHESTNUT
5060474527354,1882 BROWN
5060474527361,1882 CHESTNUT
5060474527378,1883 BROWN
5060474527385,1883 CHESTNUT
5060474527392,1884 BROWN
5060474527408,1884 CHESTNUT
5060474527415,1885 BROWN
5060474527422,1885 CHESTNUT
5060474527439,1886 BROWN
5060474527446,1886 CHESTNUT
5060474524094,2012 BROWN
5060474524544,2012 CHESTNUT
5060474524025,2080 BLACK
5060474523998,2080 BROWN
5060474524018,2080 CHESTNUT
5060474524001,2080 COGNAC
5060999706487,401 BLACK L
5060999706494,401 BLACK M
5060999706470,401 BLACK S
5061027912986,401 GREY L
5061027912979,401 GREY M
5061027912962,401 GREY S
5061027912894,401 NAVY L
5061027912887,401 NAVY M
5061027912870,401 NAVY S
5061027913013,401 PLUM L
5061027913006,401 PLUM M
5061027912993,401 PLUM S
5061027912955,401 RED L
5061027912948,401 RED M
5061027912931,401 RED S
5061027912924,401 TAN L
5061027912917,401 TAN M
5061027912900,401 TAN S
5060474526463,4551 BLACK
5060474526470,4551 TAN
5060474526487,4552 BLACK
5060474526494,4552 TAN
5060474526500,4553 BLACK
5060474526517,4553 TAN
5060474526524,4554 BLACK
5060474526531,4554 TAN
5060474521567,4555 BLACK
5060474521574,4555 TAN
5060474526548,4556 BLACK
5060474526555,4556 TAN
5060474526562,4557 BLACK
5060474526579,4557 TAN
5060821288778,79014 BLACK
5060821288709,79014 BROWN
5060821288785,79014 CHESTNUT
5060474521673,7990 BROWN
5060474521611,7990 RUST
5060821282400,7993 BROWN
5060474526395,7993 RUST
5060821282424,7994 BROWN
5060474526401,7994 RUST
5060821288846,7995 BROWN
5060474526418,7995 RUST
5060821288853,7996 BROWN
5060474526425,7996 RUST
5060821288860,7997 BROWN
5060474526432,7997 RUST
5060821288877,7998 BROWN
5060474526449,7998 RUST
5060821288839,7999 BROWN
5060474526456,7999 RUST
5060474525909,8140 BROWN
5060474526005,8140 TAN
5060474525916,8141 BROWN
5060474526012,8141 TAN
5060474525923,8142 BROWN
5060474526029,8142 TAN
5060474525930,8143 BROWN
5060474526036,8143 TAN
5060474525947,8144 BROWN
5060474526043,8144 TAN
5060474525954,8145 BROWN
5060474526050,8145 TAN
5060474525961,8146 BROWN
5060474526067,8146 TAN
5060474525978,8147 BROWN
5060474526074,8147 TAN
5060474525985,8148 BROWN
5060474526081,8148 TAN
5060474525992,8150 BROWN
5060474526098,8150 TAN
5060474523950,8190 BLACK
5060474523936,8190 BROWN
5060474523943,8190 CHESTNUT
5060474523981,8190 COGNAC
5060474526180,8341 BLACK
5060474526296,8341 BROWN
5060474526302,8341 TAN
5060474526319,8342 BLACK
5060474526326,8342 BROWN
5060474526333,8342 TAN
5060474526340,8343 BLACK
5060474526357,8343 BROWN
5060474526364,8343 TAN
5060474523974,89145 BROWN
5060474523967,89145 CHESTNUT
5060999700973,A4-BOOK-COVER BRANDY
5060999700942,A4-BOOK-COVER COPPER-BRN
5060999701000,A4-BOOK-COVER TAN
5060474524537,A4ZIPFOLDER BLACK
5060474524513,A4ZIPFOLDER BROWN
5060474524520,A4ZIPFOLDER CHESTNUT
5060999700980,A5-BOOK-COVER BRANDY
5060999700959,A5-BOOK-COVER COPPER-BRN
5060999701017,A5-BOOK-COVER TAN
5060999700997,A6-BOOK-COVER BRANDY
5060999700966,A6-BOOK-COVER COPPER-BRN
5060999701024,A6-BOOK-COVER TAN
5060821282929,ADAM TAN
5060821286293,AGNES BLACK
5060821286309,AGNES BRANDY
5060821286316,AGNES TAN
5060474524315,ALBERT CHESTNUT
5060474524377,ALBERT MUD
5060474526951,APRON BLACK
5060474526968,APRON TAN
5060821287733,APRON-01 BROWN
5060821287740,APRON-02 BROWN
5060821287757,APRON-03 BROWN
5060821287764,APRON-04 BROWN
5060474524063,BENJAMIN BROWN
5060474524308,BENJAMIN CHESTNUT
5060821287399,C-05 BLACK
5060821287375,C-05 BORDO
5060821287405,C-05 GREEN
5060821288570,C-05 TAN
5060821287382,C-05 TEAL
5060821287269,C-50 BLACK
5060821287245,C-50 BORDO
5060821287276,C-50 GREEN
5060821288563,C-50 TAN
5060821287252,C-50 TEAL
506099970638,C-51 BLACK
5060999706395,C-51 BORDO
5060999706401,C-51 GREEN
5060999706418,C-51 TAN
5060999706425,C-51 TEAL
5060999703684,C-52 BLACK
5060999706524,C-52 BORDO
5060999703691,C-52 GREEN
5060999706517,C-52 TAN
5060999706500,C-52 TEAL
5060999706531,C-53 BLACK
5060999706548,C-53 BORDO
5060999706555,C-53 GREEN
5060999706562,C-53 TAN
5060999706579,C-53 TEAL
5060821287221,C-54 BLACK
5060821287207,C-54 BORDO
5060821287238,C-54 GREEN
5060821289188,C-54 TAN
5060821287214,C-54 TEAL
5060999706630,C-55 BLACK
5060999703745,C-55 BORDO
5060999703769,C-55 GREEN
5060999703752,C-55 TAN
5060999706678,C-55 TEAL
5060999706685,C-56 BLACK
5060999703776,C-56 BORDO
5060999703783,C-56 GREEN
5060999706715,C-56 TAN
5060999706722,C-56 TEAL
5060821288372,C-57 BLACK-CROC
5060821288396,C-57 GREEN-CROC
5060821288389,C-57 TAN-CROC
5060821288518,C-59 BLACK-CROC
5060821288532,C-59 GREEN-CROC
5060821288525,C-59 TAN-CROC
5060999704698,C-99 BLACK L
5060999704681,C-99 BLACK M
5060999704674,C-99 BLACK S
5060999704766,C-99 BORDO L
5060999704759,C-99 BORDO M
5060999704742,C-99 BORDO S
5060999704827,C-99 GREEN L
5060999704810,C-99 GREEN M
5060999704803,C-99 GREEN S
5060999704797,C-99 TAN L
5060999704780,C-99 TAN M
5060999704773,C-99 TAN S
5060999704728,C-99 TEAL L
5060999704711,C-99 TEAL M
5060999704704,C-99 TEAL S
5061027912016,CB-3 BLACK
5061027912023,CB-3 BORDEAUX
5061027912030,CB-3 CARVET-GREEN
5061027912054,CB-3 NAVY
5061027912061,CB-3 ORANGE
5061027912047,CB-3 TAN
5060999701710,CB-3 YELLOW
5060999707194,CB-5 BLACK
5060999707200,CB-5 BORDEAUX
5060999707217,CB-5 CARVET-GREEN
5060999707224,CB-5 NAVY
5060999707231,CB-5 ORANGE
5060999707248,CB-5 TAN
5060999707255,CB-5 YELLOW
5060474523912,CHARLES BROWN
5060474524216,CHARLES CHESTNUT
5060821286323,CYRUS BLACK
5060821286330,CYRUS BRANDY
5060821286347,CYRUS TAN
5060999705039,D-10W COGNAC
5060999705091,D-10W D-BROWN
5060999705107,D-10W D-GREY
5060999705060,D-10W GREEN
5060999705077,D-10W NAVY
5060999705046,D-10W ORANGE
5060999705053,D-10W RED
5060999705121,D-10W TAUPE
5060999705114,D-10W YELLOW
5060474529358,D-70 COGNAC
5060474529426,D-70 D-BROWN
5060474528832,D-70 D-GREY
5060474529419,D-70 GREEN
5060474529372,D-70 NAVY
5060474529402,D-70 ORANGE
5060474529389,D-70 RED
5060474529365,D-70 TAUPE
5060474529396,D-70 YELLOW
5060474529440,D-71 COGNAC
5060474529488,D-71 D-BROWN
5060474529433,D-71 D-GREY
5060474529464,D-71 NAVY
5060474529471,D-71 RED
5060474529457,D-71 TAUPE
5060821280284,D-72 COGNAC
5060821280321,D-72 D-BROWN
5060821280277,D-72 D-GREY
5060821280307,D-72 NAVY
5060821280291,D-72 RED
5060821280314,D-72 TAUPE
5060474529501,D-73 COGNAC
5060474529549,D-73 D-BROWN
5060474529495,D-73 D-GREY
5060474529525,D-73 NAVY
5060474529532,D-73 RED
5060474529518,D-73 TAUPE
5060474529624,D-75 COGNAC
5060474529662,D-75 D-BROWN
5060474529617,D-75 D-GREY
5060474529648,D-75 NAVY
5060474529655,D-75 RED
5060474529631,D-75 TAUPE
5060474529686,D-76 COGNAC
5060474529723,D-76 D-BROWN
5060474529679,D-76 D-GREY
5060474529709,D-76 NAVY
5060474529716,D-76 RED
5060474529693,D-76 TAUPE
5060821285821,D-77 BLACK
5060821285807,D-77 COGNAC
5060821285838,D-77 D-BROWN
5060821285845,D-77 D-GREY
5060821285814,D-77 NAVY
5060821285869,D-77 RED
5060821285852,D-77 TAUPE
5060474529747,D-80 COGNAC
5060474529815,D-80 D-BROWN
5060474529730,D-80 D-GREY
5060474529808,D-80 GREEN
5060474529761,D-80 NAVY
5060474529792,D-80 ORANGE
5060474529778,D-80 RED
5060474529754,D-80 TAUPE
5060474529785,D-80 YELLOW
5060474529839,D-81 COGNAC
5060474529907,D-81 D-BROWN
5060474529822,D-81 D-GREY
5060474529891,D-81 GREEN
5060474529853,D-81 NAVY
5060474529884,D-81 ORANGE
5060474529860,D-81 RED
5060474529846,D-81 TAUPE
5060474529877,D-81 YELLOW
5060474529921,D-82 COGNAC
5060474529990,D-82 D-BROWN
5060474529914,D-82 D-GREY
5060474529983,D-82 GREEN
5060474529945,D-82 NAVY
5060474529976,D-82 ORANGE
5060474529952,D-82 RED
5060474529938,D-82 TAUPE
5060474529969,D-82 YELLOW
5060821280017,D-83 COGNAC
5060821280086,D-83 D-BROWN
5060821280000,D-83 D-GREY
5060821280079,D-83 GREEN
5060821280031,D-83 NAVY
5060821280062,D-83 ORANGE
5060821280048,D-83 RED
5060821280024,D-83 TAUPE
5060821280055,D-83 YELLOW
5060821280109,D-84 COGNAC
5060821280178,D-84 D-BROWN
5060821280093,D-84 D-GREY
5060821280161,D-84 GREEN
5060821280123,D-84 NAVY
5060821280154,D-84 ORANGE
5060821280130,D-84 RED
5060821280116,D-84 TAUPE
5060821280147,D-84 YELLOW
5060999701574,D-90 BRANDY
5060999701598,D-90 GREEN
5060999701581,D-90 TAN
5060999701604,D-91 BRANDY
5060999701628,D-91 GREEN
5060999701611,D-91 TAN
5060999701635,D-92 BRANDY
5060999701659,D-92 GREEN
5060999701642,D-92 TAN
5060999701666,D-93 BRANDY
5060999701680,D-93 GREEN
5060999701673,D-93 TAN
5060999701697,D-95 BRANDY
5060999701710,D-95 GREEN
5060999701703,D-95 TAN
5060821286354,DORIS BLACK
5060821286361,DORIS BRANDY
5060821286378,DORIS TAN
5060474524292,DOUG BROWN
5060821287184,DOUG TWEED
5060821286415,DUFF BLACK
5060821286422,DUFF BRANDY
5060821286439,DUFF TAN
5060821286385,DYLAN BLACK
5060821286392,DYLAN BRANDY
5060821286408,DYLAN TAN
5060821288754,ED TAN
5060474524599,EDWARD BRANDY
5060821286811,EDWARD BROWN
5060474525312,ELLIOTT BLACK
5060474525305,ELLIOTT TAN
5060821286477,ERWIN BLACK
5060821286484,ERWIN BRANDY
5060821286491,ERWIN TAN
5060821286200,FIN BLACK
5060821286217,FIN BRANDY
5060821286224,FIN TAN
5060474525350,FRANCIS BLACK
5060474525343,FRANCIS TAN
5060474525381,FRED TAN
5060821281083,G-20 BLACK
5060821281090,G-20 BRANDY
5060821282097,G-20 GREY
5060821281106,G-20 HONEY
5060999705473,G-20 RED
5060821281113,G-21 BLACK
5060821281120,G-21 BRANDY
5060821282103,G-21 GREY
5060821281137,G-21 HONEY
5060821281144,G-22 BLACK
5060821281151,G-22 BRANDY
5060821282110,G-22 GREY
5060821281168,G-22 HONEY
5060821281175,G-23 BLACK
5060821281182,G-23 BRANDY
5060821282127,G-23 GREY
5060821281199,G-23 HONEY
5060999705480,G-23 RED
5060821280185,G-24 BLACK
5060821280192,G-24 BRANDY
5060821282134,G-24 GREY
5060821280208,G-24 HONEY
5060999705497,G-24 RED
5060821281205,G-25 BLACK
5060821281212,G-25 BRANDY
5060821282141,G-25 GREY
5060821281229,G-25 HONEY
5060999705503,G-25 RED
5060821281267,G-26 BLACK
5060821281274,G-26 BRANDY
5060821282158,G-26 GREY
5060821281281,G-26 HONEY
5060821281236,G-27 BLACK
5060821281243,G-27 BRANDY
5060821282165,G-27 GREY
5060821281250,G-27 HONEY
5060999705510,G-27 RED
5060821281298,G-28 BLACK
5060821281304,G-28 BRANDY
5060821282172,G-28 GREY
5060821281311,G-28 HONEY
5060821281328,G-29 BLACK
5060821281335,G-29 BRANDY
5060821282189,G-29 GREY
5060821281342,G-29 HONEY
5060821286507,G-30 BLACK
5060821286514,G-30 BRANDY
5060821286521,G-30 HONEY
5060474526647,G-31 BLACK
5060474526654,G-31 BRANDY
5060474526661,G-31 HONEY
5060474526678,G-32 BLACK
5060474526685,G-32 BRANDY
5060474526692,G-32 HONEY
5060474526708,G-33 BLACK
5060474526715,G-33 BRANDY
5060474526722,G-33 HONEY
5060474526739,G-34 BLACK
5060474526746,G-34 BRANDY
5060474526753,G-34 HONEY
5060821281359,G-35 BLACK
5060821281366,G-35 BRANDY
5060821281373,G-35 HONEY
5060474526760,G-36 BLACK
5060474526777,G-36 BRANDY
5060474526784,G-36 HONEY
5060821280222,G-37 BLACK
5060821280239,G-37 BRANDY
5060821281380,G-37 HONEY
5060821286538,G-38 BLACK
5060821286545,G-38 BRANDY
5060821286552,G-38 HONEY
5060821286682,G-39 BLACK
5060821286699,G-39 BRANDY
5060821286705,G-39 HONEY
5060821283087,G-41 BLACK
5060821283094,G-41 BRANDY
5060821282196,G-41 GREY
5060821283100,G-41 HONEY
5060821283117,G-42 BLACK
5060821283124,G-42 BRANDY
5060821282202,G-42 GREY
5060821283131,G-42 HONEY
5060821283148,G-43 BLACK
5060821283155,G-43 BRANDY
5060821282219,G-43 GREY
5060821283162,G-43 HONEY
5060474524162,GARETH BLACK
5060474523646,GARETH BROWN
5060474524346,GARETH CHESTNUT
5060474524384,GARETH MUD
5060821286231,GIN BLACK
5060821286248,GIN BRANDY
5060821286255,GIN TAN
5060474524179,HAROLD CHESTNUT
5060474524469,HARPER BRANDY
5060474523929,HARPER BROWN
5060474524483,HARPER CHESTNUT
5060474524056,HARRY BROWN
5060474524223,HARRY CHESTNUT
5060474525336,HARVEY BLACK
5060474525329,HARVEY TAN
5060999702540,J-10 BLACK/LEOPARD
5060999702557,J-10 PEACH-WHIP
5060999702564,J-10 WINTER-SKY
5060999702571,J-10 WOODROSE
5060821285449,J-11 BLACK/LEOPARD
5060999702601,J-11 WINTER-SKY
5060821285456,J-11 WOODROSE
5060821285463,J-12 BLACK/LEOPARD
5060999702632,J-12 PEACH-WHIP
5060999702649,J-12 WINTER-SKY
5060821285470,J-12 WOODROSE
5060999702700,J-14 BLACK
5060999702694,J-14 WOODROSE
5060821285555,J-15 BLACK
5060821285562,J-15 MANDARIN
5060821285579,J-15 PEACH-WHIP
5060821285531,J-16 BLACK
5060821285548,J-16 WINTER-SKY
5060821285586,J-17 BLACK
5060821285593,J-17 MANDARIN
5060821285609,J-17 WOODROSE
5060999702861,J-18 BLACK
5060999702878,J-18 BLUE-ATOLL
5060999702885,J-18 RASPBERRY
5061027914782,J-51 BLACK
5061027914768,J-51 RASPBERRY-SORBET
5060821285616,J-52 BLACK/LEOPARD
5061027914812,J-52 PEACH-WHIP
5061027914829,J-52 WINTER-SKY
5061027914836,J-52 WOODROSE
5061027914850,J-53 BLACK
5061027914942,J-54 BLACK
5061027914973,J-54 BLUE-ATOLL
5061027914980,J-54 GUMDROP-GREEN
5061027914911,J-54 PEACH-WHIP
5061027914928,J-54 RASPBERRY-SORBET
5061027914959,J-54 WINTER-SKY
5061027914966,J-54 WOODROSE
5061027915017,J-56 BLACK
5061027915000,J-56 BLUE-ATOLL
5061027915062,J-56 PEACH-WHIP
5061027915048,J-56 RASPBERRY-SORBET
5061027915055,J-56 WINTER-SKY
5061027914997,J-56 WOODROSE
5061027915109,J-57 BLACK
5061027915093,J-57 BLUE-ATOLL
5061027915079,J-57 GUMDROP-GREEN
5061027915123,J-57 PEACH-WHIP
5061027915086,J-57 WOODROSE
5060474525275,JACK BLACK
5060474525268,JACK TAN
5060821287177,JACKSON BROWN
5060474523660,JASPER BROWN
5060474524209,JASPER CHESTNUT
5060474524100,JERRY BROWN
5060821287153,JILL BROWN
5060474524070,JOSH BROWN
5060474524322,JOSH CHESTNUT
5060821287160,JOULES BROWN
5060474524261,KANE BROWN
5060821288587,L-70 BLACK
5060821288594,L-70 BRANDY
5060821288167,L-70 COGNAC
5060821288600,L-71 BLACK
5060821288617,L-71 BRANDY
5060821288174,L-71 COGNAC
5060821288624,L-73 BLACK
5060821288631,L-73 BRANDY
5060821288181,L-73 COGNAC
5060821288648,L-74 BLACK
5060821288655,L-74 BRANDY
5060821288198,L-74 COGNAC
5060821288662,L-75 BLACK
5060821288679,L-75 BRANDY
5060821288204,L-75 COGNAC
5060821288686,L-76 COGNAC
5060821288693,L-77 COGNAC
5060821282882,LAUREN TAN
5061027912108,LB-301 BLACK L
5061027912092,LB-301 BLACK M
5061027912085,LB-301 BLACK S
5061027912139,LB-301 BROWN L
5061027912115,LB-301 BROWN M
5061027912122,LB-301 BROWN S
5061027912160,LB-301 CHESTNUT L
5061027912153,LB-301 CHESTNUT M
5061027912146,LB-301 CHESTNUT S
5061027912191,LB-301 NAVY L
5061027912184,LB-301 NAVY M
5061027912177,LB-301 NAVY S
5061027912221,LB-301 TAN L
5061027912214,LB-301 TAN M
5061027912207,LB-301 TAN S
5060474524186,LEWIS CHESTNUT
5060474524230,LIAM BROWN
5060821286729,LIAM TWEED
5061027913655,LOLA BLACK 10
5061027913662,LOLA BLACK 12
5061027913679,LOLA BLACK 14
5061027913686,LOLA BLACK 16
5061027913693,LOLA BLACK 18
5061027913709,LOLA BLACK 20
5061027913716,LOLA BLACK 22
5061027913723,LOLA BLACK 24
5061027913730,LOLA BLACK 26
5061027913648,LOLA BLACK 8
5061027914621,LOLA BURGUNDY 10
5061027914638,LOLA BURGUNDY 12
5061027914645,LOLA BURGUNDY 14
5061027914652,LOLA BURGUNDY 16
5061027914669,LOLA BURGUNDY 18
5061027914676,LOLA BURGUNDY 20
5061027914683,LOLA BURGUNDY 22
5061027914690,LOLA BURGUNDY 24
5061027914614,LOLA BURGUNDY 8
5061027913754,LOLA NAVY 10
5061027913761,LOLA NAVY 12
5061027913778,LOLA NAVY 14
5061027913785,LOLA NAVY 16
5061027913792,LOLA NAVY 18
5061027913815,LOLA NAVY 20
5061027913822,LOLA NAVY 22
5061027913839,LOLA NAVY 24
5061027913846,LOLA NAVY 26
5061027913747,LOLA NAVY 8
5061027913563,LOLA RED 10
5061027913570,LOLA RED 12
5061027913587,LOLA RED 14
5061027913594,LOLA RED 16
5061027913600,LOLA RED 18
5061027913617,LOLA RED 20
5061027913624,LOLA RED 22
5061027913631,LOLA RED 24
5061027913556,LOLA RED 8
5061027914706,LOLA SKY 10
5061027914713,LOLA SKY 12
5061027914720,LOLA SKY 14
5061027914737,LOLA SKY 16
5061027914744,LOLA SKY 18
5061027914751,LOLA SKY 22
5061027913853,LOLA TAN 10
5061027913860,LOLA TAN 12
5061027913877,LOLA TAN 14
5061027913884,LOLA TAN 16
5061027913891,LOLA TAN 18
5061027913907,LOLA TAN 20
5061027913914,LOLA TAN 22
5061027913921,LOLA TAN 24
5061027913808,LOLA TAN 8
5060821288068,LOU BROWN
5060821287726,M-05 BLACK
5060821287719,M-05 COGNAC
5060474524803,M-51 BLACK
5060474524797,M-51 COGNAC
5060474524827,M-52 BLACK
5060474524810,M-52 COGNAC
5060474524841,M-53 BLACK
5060474524834,M-53 COGNAC
5060474524865,M-54 BLACK
5060474524858,M-54 COGNAC
5060474524889,M-55 BLACK
5060474524872,M-55 COGNAC
5060474524902,M-56 BLACK
5060474524896,M-56 COGNAC
5060474524926,M-57 BLACK
5060474524919,M-57 COGNAC
5060474524940,M-58 BLACK
5060474524933,M-58 COGNAC
5060474524964,M-59 BLACK
5060474524957,M-59 COGNAC
5060474525008,M-60 BLACK
5060474524971,M-60 COGNAC
5060474524988,M-61 BLACK
5060474524995,M-61 COGNAC
5060474525022,M-62 BLACK
5060474525015,M-62 COGNAC
5060474525046,M-63 BLACK
5060474525039,M-63 COGNAC
5060474525060,M-64 BLACK
5060474525053,M-64 COGNAC
5060474525084,M-65 BLACK
5060474525077,M-65 COGNAC
5060474525107,M-66 BLACK
5060474525091,M-66 COGNAC
5060474525121,M-67 BLACK
5060474525114,M-67 COGNAC
5060474525145,M-68 BLACK
5060474525138,M-68 COGNAC
5060474525169,M-69 BLACK
5060474525152,M-69 COGNAC
5060821287702,M-70 BLACK
5060821287696,M-70 COGNAC
5060999703257,M-75 BLACK
5060999703240,M-75 COGNAC
5060999703271,M-76 BLACK
5060999703264,M-76 COGNAC
5060999703295,M-77 BLACK
5060999703288,M-77 COGNAC
5060474524247,MARCUS BROWN
5060821286712,MARCUS TWEED
5060821288907,MB-102 BLACK 2XL/3XL
5060821288891,MB-102 BLACK L/XL
5060821288884,MB-102 BLACK S/M
5060821288938,MB-102 BROWN 2XL/3XL
5060821288921,MB-102 BROWN L/XL
5060821288914,MB-102 BROWN S/M
5060821288952,MB-102 TAN 2XL/3XL
5060821288969,MB-102 TAN L/XL
5060821288945,MB-102 TAN S/M
5060821289027,MB-107 BLACK 2XL/3XL
5060821289010,MB-107 BLACK L/XL
5060821289003,MB-107 BLACK S/M
5060821289058,MB-107 BROWN 2XL/3XL
5060821289041,MB-107 BROWN L/XL
5060821289034,MB-107 BROWN S/M
5060821289089,MB-107 TAN 2XL/3XL
5060821289072,MB-107 TAN L/XL
5060821289065,MB-107 TAN S/M
5060821289119,MB-109 BLACK 2XL/3XL
5060821289102,MB-109 BLACK L/XL
5060821289096,MB-109 BLACK S/M
5060821289140,MB-109 BROWN 2XL/3XL
5060821289133,MB-109 BROWN L/XL
5060821289126,MB-109 BROWN S/M
5060821289171,MB-109 TAN 2XL/3XL
5060821289164,MB-109 TAN L/XL
5060821289157,MB-109 TAN S/M
5060474524087,MURPHY BROWN
5060474524339,MURPHY CHESTNUT
5060821282905,NOAH TAN
5060821282912,OLIVER TAN
5060474525299,OSCAR BLACK
5060474525282,OSCAR TAN
5060474524391,PEDRO BLACK
5060474523653,PEDRO BROWN
5060821283797,PEDRO COGNAC
5060474525176,PEDRO M-BROWN
5060474524353,PEDRO MUD
5060474525183,PEDRO TAN
5060474525398,PERRY TAN
5060474525374,PHIL BLACK
5060474525367,PHIL TAN
5060821282875,RALPH TAN
5060474525893,ROBIN TAN
5060821286262,RUBEN BLACK
5060821286279,RUBEN BRANDY
5060821286286,RUBEN TAN
5060474524490,RUCKSACK BROWN
5060474524506,RUCKSACK CHESTNUT
5060821284909,S-11 GREEN
5060821284893,S-11 NAVY
5060821284886,S-11 TAN
5060821284930,S-12 GREEN
5060821284923,S-12 NAVY
5060821284916,S-12 TAN
5060821284961,S-13 GREEN
5060821284954,S-13 NAVY
5060821284947,S-13 TAN
5060821284992,S-14 GREEN
5060821284985,S-14 NAVY
5060821284978,S-14 TAN
5060821285029,S-15 GREEN
5060821285012,S-15 NAVY
5060821285005,S-15 TAN
5060821285050,S-16 GREEN
5060821285043,S-16 NAVY
5060821285036,S-16 TAN
5060821285081,S-17 GREEN
5060821285074,S-17 NAVY
5060821285067,S-17 TAN
5060821285111,S-20 GREEN
5060821285104,S-20 NAVY
5060821285098,S-20 TAN
5060821285142,S-21 GREEN
5060821285135,S-21 NAVY
5060821285128,S-21 TAN
5060474525411,SEB TAN
5060821286446,SERGIO BLACK
5060821286453,SERGIO BRANDY
5060821286460,SERGIO TAN
5060999702991,T-80 BLACK
5060999702977,T-80 CHESTNUT
5060999702984,T-80 HONEY
5060999703028,T-81 BLACK
5060999703004,T-81 CHESTNUT
5060999703011,T-81 HONEY
5060999703059,T-82 BLACK
5060999703035,T-82 CHESTNUT
5060999703042,T-82 HONEY
5060999703080,T-83 BLACK
5060999703066,T-83 CHESTNUT
5060999703073,T-83 HONEY
5060999703110,T-84 BLACK
5060999703097,T-84 CHESTNUT
5060999703103,T-84 HONEY
5060999703158,T-86 BLACK
5060999703134,T-86 CHESTNUT
5060999703141,T-86 HONEY
5060999703172,T-87 BLACK
5060999703127,T-87 CHESTNUT
5060999703165,T-87 HONEY
5060999703202,T-89 BLACK
5060999703189,T-89 CHESTNUT
5060999703196,T-89 HONEY
5060999703233,T-90 BLACK
5060999703219,T-90 CHESTNUT
5060999703226,T-90 HONEY
5060474524285,TOBY BROWN
5060821286767,TOBY TWEED
5060821281397,V-20 BLACK
5060821281403,V-20 CHESTNUT
5060821281410,V-20 NAVY
5060821281427,V-21 BLACK
5060821281434,V-21 CHESTNUT
5060821281441,V-21 NAVY
5060821281458,V-22 BLACK
5060821281465,V-22 CHESTNUT
5060821281472,V-22 NAVY
5060821281489,V-23 BLACK
5060821281496,V-23 CHESTNUT
5060821281519,V-23 NAVY
5060821281526,V-24 BLACK
5060821280260,V-24 CHESTNUT
5060821281533,V-24 NAVY
5060821281540,V-25 BLACK
5060821281557,V-25 CHESTNUT
5060821281564,V-25 NAVY
5060821281571,V-26 BLACK
5060821281588,V-26 CHESTNUT
5060821281595,V-26 NAVY
5060821281601,V-27 BLACK
5060821281618,V-27 CHESTNUT
5060821281625,V-27 NAVY
5060821281632,V-28 BLACK
5060821281649,V-28 CHESTNUT
5060821281656,V-28 NAVY
5060821282226,V-29 BLACK
5060821282233,V-29 CHESTNUT
5060821282240,V-29 NAVY
5060821282257,V-30 BLACK
5060821282264,V-30 CHESTNUT
5060821282288,V-31 BLACK
5060821282295,V-31 CHESTNUT
5060821282301,V-31 NAVY
5060821282318,V-32 BLACK
5060821282325,V-32 CHESTNUT
5060821282332,V-32 NAVY
5060821283179,V-61 BLACK
5060821283186,V-61 CHESTNUT
5060821283193,V-61 NAVY
5060821283209,V-62 BLACK
5060821283216,V-62 CHESTNUT
5060821283223,V-62 NAVY
5060821283230,V-63 BLACK
5060821283247,V-63 CHESTNUT
5060821283254,V-63 NAVY
5061027913235,VIN-11 BROWN
5061027913259,VIN-11 GREEN/TAN
5061027913273,VIN-11 NAVY/TAN
5061027913242,VIN-11 RED/TAN
5061027913266,VIN-11 TAN
5061027913129,VIN-18 BROWN
5061027913280,VIN-18 GREEN/TAN
5061027913303,VIN-18 NAVY/TAN
5061027913297,VIN-18 RED/TAN
5061027913136,VIN-18 TAN
5061027913143,VIN-22 BROWN
5061027913310,VIN-22 GREEN/TAN
5061027913334,VIN-22 NAVY/TAN
5061027913327,VIN-22 RED/TAN
5061027913150,VIN-22 TAN
5061027913167,VIN-26 BROWN
5061027913341,VIN-26 GREEN/TAN
5061027913365,VIN-26 NAVY/TAN
5061027913358,VIN-26 RED/TAN
5061027913174,VIN-26 TAN
5061027913099,VIN-7 GREEN/TAN/NAVY
5061027913112,VIN-7 NAVY/RED/YELLOW
5061027913075,VIN-7 RED/GREEN/NAVY
5061027913105,VIN-7 TAN/RED/GREEN
5061027913082,VIN-7 YELLOW/GREEN/RED
5061027913181,VIN-8 BROWN
5061027913204,VIN-8 GREEN/TAN
5061027913228,VIN-8 NAVY/TAN
5061027913198,VIN-8 RED/TAN
5061027913211,VIN-8 TAN
5060821282455,W-70 BROWN
5060821282448,W-70 COGNAC
5060821282479,W-71 BROWN
5060821282462,W-71 COGNAC
5060821282493,W-72 BROWN
5060821282486,W-72 COGNAC
5060821282516,W-73 BROWN
5060821282509,W-73 COGNAC
5060821282554,W-74 BROWN
5060821282547,W-74 COGNAC
5060821282578,W-75 BROWN
5060821282561,W-75 COGNAC
5060821282592,W-76 BROWN
5060821282585,W-76 COGNAC
5060821282615,W-77 BROWN
5060821282608,W-77 COGNAC
5060821282530,W-81 BROWN
5060821282523,W-81 COGNAC
5060821282639,W-82 BROWN
5060821282622,W-82 COGNAC
5060821282653,W-83 BROWN
5060821282646,W-83 COGNAC
5060821282677,W-84 BROWN
5060821282660,W-84 COGNAC
5060821282691,W-85 BROWN
5060821282684,W-85 COGNAC
5060474524254,WALTER BROWN
5060999703851,Z-70 BLACK
5060999703875,Z-70 GREEN
5060999703882,Z-70 TAN
5060999703868,Z-70 WINE
5060999703899,Z-71 BLACK
5060999703912,Z-71 GREEN
5060999703929,Z-71 TAN
5060999703905,Z-71 WINE
5060999703936,Z-72 BLACK
5060999703943,Z-72 GREEN
5060999703950,Z-72 TAN
5060999703967,Z-72 WINE
5060999703974,Z-73 BLACK
5060999703998,Z-73 GREEN
5060999704001,Z-73 TAN
5060999703981,Z-73 WINE
5060999704018,Z-74 BLACK
5060999704032,Z-74 GREEN
5060999704049,Z-74 TAN
5060999704025,Z-74 WINE
5060999704056,Z-75 BLACK
5060999704070,Z-75 GREEN
5060999704087,Z-75 TAN
5060999704063,Z-75 WINE
5060999704094,Z-76 BLACK
5060999704117,Z-76 GREEN
5060999704124,Z-76 TAN
5060999704100,Z-76 WINE
5060999704131,Z-77 BLACK
5060999704155,Z-77 GREEN
5060999704162,Z-77 TAN
5060999704148,Z-77 WINE
5060999704179,Z-78 BLACK
5060999704193,Z-78 GREEN
5060999704209,Z-78 TAN
5060999704186,Z-78 WINE
5060999704216,Z-79 BLACK
5060999704230,Z-79 GREEN
5060999704247,Z-79 TAN
5060999704223,Z-79 WINE
