Date,Total,Revenue - Total,Mens > Leather Jackets,Revenue - Mens > Leather Jackets,Ladies > Leather Jackets,Revenue - Ladies > Leather Jackets,Gift & Accessories > Purses,Revenue - Gift & Accessories > Purses,Luggage > Holdall,Revenue - Luggage > Holdall,Handbags > Ashwood,Revenue - Handbags > Ashwood,Ladies > Ladies Jackets & Coats,Revenue - Ladies > Ladies Jackets & Coats,Mens > Man Bags & Briefcases,Revenue - Mens > Man Bags & Briefcases,Mens > Accessories,Revenue - Mens > Accessories,Ladies > Handbags,Revenue - Ladies > Handbags,Ladies > Purses,Revenue - Ladies > Purses,Ladies > Accessories,Revenue - Ladies > Accessories
2024-01-01,51,5701,4,904,1,186,0,5,1,198,1,65,3,773,2,163,5,317,3,152,2,92,2,66
2024-01-02,52,5715,6,1075,1,104,0,1,1,178,1,54,3,922,3,148,5,328,3,223,1,31,2,58
2024-01-03,56,5441,6,1173,1,150,0,0,2,449,1,51,3,648,3,254,2,70,9,412,2,73,1,36
2024-01-04,42,4888,1,293,1,346,0,8,2,293,0,2,3,950,1,98,4,224,6,394,1,22,3,88
2024-01-05,36,4396,3,524,2,210,0,14,0,197,0,13,3,1159,0,7,2,123,4,248,1,33,1,24
2024-01-06,40,4584,5,768,1,244,0,15,1,298,1,49,2,750,1,27,2,92,6,263,0,39,0,12
2024-01-07,44,3888,4,580,2,269,0,14,0,138,1,56,1,555,1,65,2,136,6,284,3,118,0,6
2024-01-08,43,5936,6,1118,2,399,0,9,0,40,0,11,4,406,2,240,5,190,3,165,3,116,0,18
2024-01-09,45,5362,4,843,2,400,1,19,0,32,0,9,0,88,1,181,4,145,4,185,3,118,0,7
2024-01-10,51,5797,6,1052,1,267,0,0,3,643,0,17,3,1123,2,315,6,200,8,405,2,82,1,29
2024-01-11,50,4201,3,568,0,186,0,15,1,282,0,17,1,86,1,95,5,165,6,278,1,56,3,85
2024-01-12,47,4497,4,759,0,25,0,16,1,193,0,20,2,584,3,264,1,59,4,196,3,86,3,90
2024-01-13,50,3691,3,816,0,36,1,44,1,218,0,3,3,493,2,163,3,127,8,398,2,74,2,60
2024-01-14,52,5066,5,1000,0,51,0,17,3,409,0,0,5,1021,2,103,5,208,8,399,2,78,2,62
2024-01-15,61,8403,5,815,0,159,1,44,2,342,0,23,2,2241,3,424,6,342,5,438,2,61,4,122
2024-01-16,62,6480,5,792,0,0,1,21,2,362,0,24,1,431,5,489,5,254,9,520,3,106,4,108
2024-01-17,43,4475,3,461,1,186,2,73,2,389,0,20,2,962,1,137,3,88,4,315,1,32,2,71
2024-01-18,35,4725,4,758,0,176,1,21,1,232,0,19,2,963,3,187,4,164,4,271,0,11,1,22
2024-01-19,36,4538,3,690,0,123,1,22,1,180,0,1,3,1143,0,0,4,122,3,273,0,27,2,52
2024-01-20,44,4583,4,709,1,144,1,30,1,297,0,0,2,798,2,158,3,147,5,321,2,83,1,39
2024-01-21,49,4887,4,690,0,0,1,37,1,262,0,0,1,219,2,177,6,259,4,268,3,97,3,80
2024-01-22,48,4082,4,934,1,319,0,15,2,509,0,23,1,391,2,293,3,99,3,256,0,33,2,66
2024-01-23,54,5423,5,931,1,301,0,15,3,557,0,0,3,1012,3,356,3,161,3,175,1,25,3,111
2024-01-24,38,4472,3,536,0,39,1,41,1,303,0,0,4,851,2,131,4,165,2,109,1,28,2,68
2024-01-25,30,3937,2,502,0,84,1,38,0,96,0,41,3,715,1,154,2,101,5,191,1,28,1,33
2024-01-26,27,4022,4,1023,0,0,0,16,0,88,0,19,3,1361,1,105,4,148,4,211,0,10,1,22
2024-01-27,37,3804,3,844,0,72,0,15,2,312,1,46,1,588,3,235,2,86,6,213,0,22,3,88
2024-01-28,34,3101,2,591,0,100,1,30,1,274,1,78,1,307,1,66,3,114,3,174,1,27,4,127
2024-01-29,31,5548,5,930,0,91,0,7,0,202,1,51,2,701,0,3,2,84,1,68,2,85,0,49
2024-01-30,33,5423,4,890,0,0,0,6,2,378,1,76,3,1108,0,0,3,58,0,70,3,115,1,61
2024-01-31,33,2865,0,163,0,26,0,30,1,211,0,1,3,653,1,81,4,35,3,146,2,78,0,3
2024-02-01,33,4949,3,593,0,178,1,21,0,123,1,42,0,369,2,124,2,93,1,78,2,88,0,37
2024-02-02,35,4922,4,908,0,31,0,14,0,56,0,10,2,534,3,197,4,168,3,184,0,31,1,43
2024-02-03,31,4422,6,1140,0,40,0,10,0,209,1,33,0,736,1,67,4,138,1,79,0,32,1,44
2024-02-04,28,3605,4,870,1,130,0,13,1,240,0,17,2,1204,1,33,4,162,0,53,0,12,1,36
2024-02-05,28,3951,2,388,2,295,0,10,0,61,0,12,2,596,1,109,2,169,1,142,0,8,2,81
2024-02-06,34,3349,2,381,1,198,0,12,0,86,0,0,2,477,2,114,2,65,1,108,0,27,2,95
2024-02-07,30,3874,0,200,1,238,0,13,0,2,0,26,2,963,3,241,2,65,3,259,1,36,1,21
2024-02-08,29,3814,2,501,1,155,0,0,0,82,0,7,2,815,3,392,1,51,3,244,1,32,2,55
2024-02-09,33,4368,1,374,0,93,0,1,0,149,0,18,2,1093,3,393,4,124,3,248,1,45,1,45
2024-02-10,18,2909,1,277,2,403,0,6,0,164,0,21,1,511,3,290,2,0,0,125,0,34,0,17
2024-02-11,18,1625,0,146,0,32,1,41,1,169,0,37,0,24,2,167,2,41,0,82,0,34,0,9
2024-02-12,30,2461,2,513,0,4,0,42,0,90,0,10,2,796,1,44,2,130,0,68,1,28,4,64
2024-02-13,29,2089,3,698,0,19,0,27,1,217,0,1,0,136,1,88,2,76,0,60,1,47,4,62
2024-02-14,21,2038,3,628,0,36,0,27,0,129,0,37,2,416,0,37,0,9,1,92,1,43,0,8
2024-02-15,31,2997,3,554,0,58,2,57,0,138,0,5,2,692,1,116,2,64,2,203,1,52,1,26
2024-02-16,29,3208,3,551,0,239,2,69,0,138,0,1,1,700,2,139,1,41,2,150,0,23,1,36
2024-02-17,33,3141,4,814,0,54,1,46,1,159,0,0,2,371,1,100,2,50,2,255,1,38,1,44
2024-02-18,33,2930,5,817,0,163,1,51,1,190,0,0,1,359,2,202,2,51,1,84,1,40,1,19
2024-02-19,26,2494,2,564,0,187,1,42,1,335,0,11,1,64,1,47,2,113,3,185,1,34,1,43
2024-02-20,27,2848,3,580,0,136,1,29,2,370,0,8,1,263,2,164,2,48,2,133,1,37,0,50
2024-02-21,27,2809,0,200,1,200,1,28,1,150,1,90,2,231,1,179,2,85,0,86,1,36,0,29
2024-02-22,25,2544,3,595,0,90,1,29,0,134,0,28,2,248,0,28,3,82,2,204,1,54,0,4
2024-02-23,24,2428,2,450,0,87,0,24,0,32,0,2,0,60,2,138,4,136,2,190,0,20,0,12
2024-02-24,16,2469,2,501,1,210,0,34,0,36,0,24,0,22,1,83,1,32,1,160,0,16,0,18
2024-02-25,18,2491,1,337,1,200,0,24,0,22,0,55,0,40,1,87,2,74,1,159,0,16,0,7
2024-02-26,20,2834,5,955,0,0,1,43,1,272,0,7,0,15,2,141,1,47,1,116,1,4,0,16
2024-02-27,19,2490,4,702,0,0,1,46,2,360,0,1,0,0,1,148,1,38,1,151,1,40,0,2
2024-02-28,21,1999,1,281,0,72,2,52,0,99,0,22,1,247,2,153,1,41,1,104,2,70,0,2
2024-02-29,22,2668,2,493,0,84,1,39,0,114,0,10,2,291,2,184,2,55,1,126,1,54,0,23
2024-03-01,28,3810,3,660,0,70,1,41,0,129,0,15,0,98,1,175,3,129,1,57,3,88,1,43
2024-03-02,34,4137,6,1014,0,63,3,63,0,54,0,17,0,0,4,375,4,122,1,59,1,36,0,22
2024-03-03,34,3845,6,1045,0,66,5,156,0,0,0,10,0,0,3,319,3,105,2,74,1,41,0,14
2024-03-04,17,1948,2,496,0,126,3,137,0,153,1,65,1,300,1,85,2,85,1,116,0,11,0,7
2024-03-05,20,2330,2,438,1,198,1,41,0,155,1,69,0,101,1,82,1,56,2,125,0,13,0,20
2024-03-06,28,3383,2,482,1,159,2,69,0,164,1,74,1,43,3,133,1,46,2,117,1,26,0,20
2024-03-07,27,2839,1,268,1,256,2,92,0,56,0,5,1,291,1,76,2,82,3,266,1,38,0,4
2024-03-08,24,2354,2,448,0,121,2,77,0,101,0,5,3,268,1,225,2,56,4,277,0,21,0,9
2024-03-09,27,2999,1,318,1,197,2,73,1,118,0,0,3,493,2,327,2,22,3,282,2,92,1,21
2024-03-10,27,2888,1,309,1,105,2,73,1,119,0,0,2,416,2,303,2,25,2,204,3,124,0,8
2024-03-11,36,3567,1,225,0,177,2,92,0,102,0,21,2,1667,0,20,6,141,3,346,2,99,0,23
2024-03-12,36,3802,3,597,1,190,2,94,1,215,0,36,2,444,0,3,5,165,4,306,2,97,0,10
2024-03-13,38,3751,4,869,1,262,2,74,1,290,0,53,0,229,0,0,5,129,4,320,3,106,0,5
2024-03-14,26,2585,4,587,0,179,2,75,0,143,0,7,1,314,0,65,2,69,2,164,3,104,0,8
2024-03-15,26,2526,3,625,0,54,3,95,0,135,0,6,1,392,1,117,1,48,3,228,2,73,0,2
2024-03-16,22,2553,2,523,0,139,3,105,1,191,0,43,1,387,1,147,0,0,1,111,1,44,0,2
2024-03-17,23,1990,3,519,0,164,1,63,0,182,0,39,1,141,1,85,0,9,0,41,1,28,0,2
2024-03-18,24,2457,2,536,0,57,2,48,1,250,0,0,2,686,0,80,2,70,2,87,1,39,0,4
2024-03-19,25,2368,2,514,0,116,2,55,1,293,0,0,1,307,0,61,2,44,3,205,1,28,0,7
2024-03-20,27,2831,2,563,0,123,1,46,1,312,0,0,1,307,1,117,2,33,3,188,1,27,0,0
2024-03-21,25,2802,3,490,0,79,1,48,1,359,0,6,1,325,0,114,1,47,2,212,1,22,0,4
2024-03-22,23,2546,2,496,0,87,3,68,0,126,0,0,1,177,0,108,2,49,2,103,1,23,0,6
2024-03-23,23,2352,2,423,1,138,2,82,0,97,0,0,1,175,1,141,1,26,2,80,2,76,0,8
2024-03-24,19,2239,2,402,1,229,2,87,0,45,0,0,1,109,1,113,0,0,0,37,3,91,0,2
2024-03-25,22,2661,2,757,0,266,3,110,0,77,0,3,0,163,1,107,3,68,0,75,2,45,0,22
2024-03-26,20,2684,4,1123,0,198,3,108,0,126,0,12,0,0,0,61,2,48,0,91,2,28,0,21
2024-03-27,23,2672,4,827,1,273,4,114,0,186,0,0,0,0,1,124,2,67,1,98,2,52,0,10
2024-03-28,21,2668,3,720,0,211,4,89,1,148,0,3,1,384,0,123,1,28,0,71,2,45,0,8
2024-03-29,22,2303,3,583,0,197,1,45,0,138,0,0,2,330,0,70,1,20,0,65,2,42,0,6
2024-03-30,19,1996,3,525,0,58,1,48,0,34,0,0,2,389,0,128,1,0,0,0,1,26,0,0
2024-03-31,19,2473,2,514,0,0,1,61,1,67,0,3,1,419,0,141,0,0,1,36,1,38,0,1
2024-04-01,28,3576,4,820,2,410,4,144,1,180,0,8,3,311,0,21,1,24,0,75,3,102,0,19
2024-04-02,29,3451,3,808,0,110,3,115,1,151,0,0,3,223,1,49,4,101,1,142,1,43,0,21
2024-04-03,25,3015,3,632,1,213,3,109,0,105,0,0,0,96,1,90,2,69,1,95,0,59,0,9
2024-04-04,25,2054,2,585,1,263,3,106,0,106,0,0,0,198,1,36,1,84,1,87,0,27,0,8
2024-04-05,19,1470,2,402,3,563,2,82,0,110,0,0,0,180,0,27,1,56,1,71,0,32,0,4
2024-04-06,31,3547,1,351,2,340,2,97,0,23,0,11,4,389,3,175,1,52,2,232,3,74,0,4
2024-04-07,33,2327,1,184,2,344,2,68,0,52,0,21,2,68,3,214,2,54,2,135,3,106,0,42
2024-04-08,33,3120,2,604,1,319,3,85,1,183,0,0,4,427,4,268,4,47,3,188,3,91,0,39
2024-04-09,38,3821,2,706,2,342,0,38,1,226,0,0,4,930,4,275,5,56,3,209,3,92,1,48
2024-04-10,29,3094,2,629,1,134,1,30,1,213,0,0,3,466,3,269,4,79,2,167,2,88,0,41
2024-04-11,29,2058,1,286,0,53,3,94,0,76,0,6,2,183,1,111,4,153,3,132,1,45,0,4
2024-04-12,29,2227,1,272,1,146,1,33,0,64,0,0,3,332,1,118,3,186,4,136,1,36,0,5
2024-04-13,24,1778,2,427,0,103,0,16,0,61,0,12,1,125,1,134,2,126,2,126,0,14,0,9
2024-04-14,21,1798,2,363,0,56,0,7,0,67,0,0,1,182,1,82,2,137,2,134,0,16,0,8
2024-04-15,24,2120,3,512,0,110,1,39,1,104,0,0,2,429,0,75,2,36,3,172,0,35,0,10
2024-04-16,24,2289,3,501,1,201,1,28,1,104,0,7,2,429,0,85,2,30,2,102,0,27,0,6
2024-04-17,23,2339,3,663,0,140,1,42,1,205,0,7,1,313,0,79,1,22,2,161,0,18,0,9
2024-04-18,22,2085,2,399,0,168,2,62,0,99,0,10,2,284,0,63,2,9,3,196,0,21,0,11
2024-04-19,21,1996,1,385,1,196,1,39,0,93,0,22,1,343,0,35,2,6,3,192,0,24,0,14
2024-04-20,19,1947,2,569,0,102,0,16,0,112,0,2,0,206,1,132,3,67,4,194,0,23,0,17
2024-04-21,20,2038,1,241,1,116,1,41,0,99,0,21,1,181,1,204,2,72,2,108,1,41,0,31
2024-04-22,24,2684,1,331,0,25,4,115,1,225,0,4,1,146,0,77,2,15,1,116,1,40,0,0
2024-04-23,24,2733,1,367,0,87,4,124,1,224,0,0,0,35,0,46,2,11,2,220,0,39,0,0
2024-04-24,24,2680,2,455,1,177,3,52,1,219,1,41,0,61,1,58,3,54,4,225,0,26,0,0
2024-04-25,23,3135,2,545,1,221,2,62,0,128,1,67,2,681,0,40,2,37,3,302,1,31,0,9
2024-04-26,23,3220,2,657,0,0,2,65,0,65,1,49,2,627,0,4,2,20,3,302,1,45,0,9
2024-04-27,18,1756,2,429,0,0,2,71,1,101,0,21,1,183,0,0,2,25,5,174,0,19,0,1
2024-04-28,14,1333,1,512,0,0,1,22,0,60,0,12,1,225,0,34,2,25,3,134,0,31,0,5
2024-04-29,20,1886,1,284,0,0,0,20,0,37,0,15,3,443,0,0,2,6,2,183,0,33,0,9
2024-04-30,23,3210,2,432,0,0,0,27,1,236,0,13,3,580,0,28,3,13,1,143,0,30,0,3
2024-05-01,18,1953,3,545,1,107,5,149,1,233,0,10,1,217,0,3,1,38,1,87,2,70,0,4
2024-05-02,37,2512,3,884,0,17,2,80,1,176,0,0,0,54,1,80,8,252,3,186,0,0,0,15
2024-05-03,39,3424,3,960,1,95,1,53,1,155,0,11,0,111,2,103,8,184,3,208,0,12,0,16
2024-05-04,27,2113,1,261,1,116,2,94,0,191,0,22,1,373,1,20,2,118,4,256,0,22,0,11
2024-05-05,18,1653,0,198,1,150,2,50,0,11,0,22,2,530,1,58,1,124,3,219,1,24,0,5
2024-05-06,26,2711,1,373,1,177,2,77,0,81,0,21,2,422,2,69,0,136,3,165,1,41,0,0
2024-05-07,26,2447,1,277,1,174,1,54,0,140,0,23,1,322,2,109,0,7,4,229,1,39,0,0
2024-05-08,22,2255,0,193,0,124,1,61,0,179,0,11,1,180,2,229,1,20,5,246,2,69,0,1
2024-05-09,26,2845,0,295,0,114,1,53,1,222,0,9,1,512,2,223,2,35,5,272,2,74,0,7
2024-05-10,28,3390,2,571,0,63,2,71,2,316,0,22,1,444,4,409,2,37,4,271,2,66,0,15
2024-05-11,23,2104,0,376,0,4,1,49,1,229,0,25,0,121,2,166,1,14,6,176,1,24,0,17
2024-05-12,15,853,0,256,0,61,1,36,0,35,0,19,0,117,1,168,1,64,2,199,1,16,0,4
2024-05-13,27,1634,1,388,0,41,1,34,2,331,0,10,0,150,0,57,1,51,5,266,1,30,0,12
2024-05-14,22,1757,1,346,0,66,1,41,2,312,0,4,0,104,1,54,1,41,4,255,1,36,0,21
2024-05-15,27,1876,1,375,0,33,2,54,1,259,0,3,1,118,0,48,0,41,4,183,1,31,0,10
2024-05-16,27,1991,1,357,0,63,1,43,1,259,0,19,1,108,1,56,1,35,3,140,0,23,0,3
2024-05-17,20,1588,1,347,0,19,2,53,0,156,0,20,1,115,0,39,1,29,3,192,1,18,0,2
2024-05-18,15,1133,1,290,0,0,1,27,1,192,0,44,0,94,0,56,0,18,3,156,0,1,0,0
2024-05-19,15,1456,0,336,0,118,1,30,0,18,0,51,0,144,0,58,0,29,3,233,0,1,0,0
2024-05-20,22,2569,1,524,0,66,1,24,0,97,0,1,1,249,0,35,2,35,4,187,2,34,0,0
2024-05-21,20,1795,1,552,0,35,1,55,0,157,0,15,0,153,1,87,1,4,2,139,2,116,0,0
2024-05-22,17,1599,0,174,0,23,0,10,1,165,0,13,0,84,0,12,0,9,3,199,1,52,0,0
2024-05-23,16,1649,0,178,1,92,0,3,0,164,0,13,0,34,0,0,0,14,4,224,1,51,0,0
2024-05-24,16,2019,0,238,0,102,1,42,0,132,1,27,1,92,0,38,0,13,2,153,0,14,0,0
2024-05-25,11,722,0,190,0,70,0,26,0,85,0,25,0,64,0,59,0,3,2,91,0,8,0,0
2024-05-26,11,668,0,196,0,23,1,37,0,82,0,25,0,12,0,47,0,0,2,111,0,8,0,0
2024-05-27,12,1256,0,215,1,138,0,29,0,49,0,18,0,69,0,41,1,55,3,134,0,0,0,0
2024-05-28,11,1146,0,225,0,46,1,33,0,50,0,21,0,156,0,11,1,53,1,55,0,0,0,0
2024-05-29,13,1139,0,0,0,22,0,3,0,78,0,16,0,184,0,0,0,56,1,29,0,0,0,1
2024-05-30,14,1755,0,16,0,32,0,17,1,229,0,5,1,359,0,53,2,59,1,57,0,0,0,0
2024-05-31,11,1267,1,316,0,0,1,47,2,167,0,4,2,432,0,81,0,0,0,64,0,0,0,0
2024-06-01,21,1684,0,0,0,69,1,70,2,205,1,51,0,0,5,428,7,147,5,55,0,20,0,0
2024-06-02,32,1415,0,63,0,122,1,67,0,83,1,4,0,0,4,347,11,287,6,138,0,23,0,0
2024-06-03,19,1939,0,142,0,149,1,59,0,45,0,15,0,313,1,103,2,104,2,176,0,0,0,1
2024-06-04,17,1309,1,115,0,154,2,86,0,46,0,0,0,103,1,70,2,106,1,177,0,26,0,0
2024-06-05,13,929,0,18,0,81,1,35,3,352,0,0,0,0,1,42,3,112,3,173,1,53,0,0
2024-06-06,22,1705,0,0,0,114,1,38,3,424,0,0,0,0,2,11,3,111,4,213,1,58,0,0
2024-06-07,16,1319,1,153,0,118,0,30,0,25,0,0,0,84,1,44,0,37,2,184,1,51,0,0
2024-06-08,15,1290,2,163,0,64,0,32,0,75,0,26,0,0,3,208,0,37,1,127,0,18,0,2
2024-06-09,12,1358,0,179,0,73,0,12,0,86,0,21,0,15,3,225,1,26,1,128,0,20,0,4
2024-06-10,17,2168,0,225,0,20,1,26,1,114,0,0,0,259,3,376,5,121,1,135,1,39,0,36
2024-06-11,17,1007,1,192,0,5,0,4,1,104,0,0,0,0,2,125,2,88,2,160,0,30,0,33
2024-06-12,17,1080,0,178,0,0,0,12,1,112,0,0,0,48,2,93,2,86,2,189,0,22,0,35
2024-06-13,19,1427,1,231,0,0,1,33,1,231,0,3,0,0,1,81,3,147,2,178,1,31,0,16
2024-06-14,17,1329,1,202,0,0,0,29,2,306,0,0,0,171,1,82,0,64,2,165,0,10,0,4
2024-06-15,16,1243,3,339,0,0,0,22,1,127,0,6,0,22,1,59,0,61,2,148,0,23,0,0
2024-06-16,12,1148,2,338,0,0,0,14,1,127,0,0,0,25,1,71,0,27,1,137,0,6,0,0
2024-06-17,17,1409,1,280,0,7,1,32,1,141,0,40,0,717,0,39,1,46,2,179,0,15,0,34
2024-06-18,17,1311,1,256,0,16,1,34,1,201,0,17,0,45,1,49,1,107,3,211,0,6,0,38
2024-06-19,14,1031,1,272,0,95,2,62,1,187,0,29,0,45,1,50,1,113,3,200,0,13,0,38
2024-06-20,13,1114,0,190,0,9,1,39,1,135,0,29,0,1,1,56,0,15,2,118,0,17,0,0
2024-06-21,12,1144,0,184,0,0,1,38,2,303,0,39,0,87,0,52,1,38,1,107,0,18,0,0
2024-06-22,11,892,0,127,0,48,1,39,1,252,0,16,0,0,1,87,0,11,2,109,0,20,0,0
2024-06-23,11,940,0,132,0,14,0,29,1,233,0,3,0,0,0,5,0,10,2,145,0,20,0,0
2024-06-24,9,923,0,119,0,11,1,37,1,140,0,16,1,775,1,97,0,71,2,76,0,18,0,6
2024-06-25,9,858,0,125,0,27,1,48,0,95,0,23,0,207,1,80,0,27,1,56,0,23,0,2
2024-06-26,9,746,0,189,0,0,1,38,0,45,0,31,0,64,1,73,0,9,1,72,0,15,0,1
2024-06-27,11,1117,0,111,0,0,0,34,0,94,0,15,0,313,0,31,0,27,3,112,0,20,0,1
2024-06-28,12,1159,1,263,0,0,1,36,1,75,0,18,0,36,0,3,1,48,1,19,0,9,0,0
2024-06-29,11,905,1,5,0,0,0,36,0,36,0,28,0,17,0,117,0,59,1,52,0,19,0,0
2024-06-30,10,1466,0,0,0,0,0,23,2,100,0,0,1,339,0,161,0,27,2,89,0,14,0,0
2024-07-01,18,2227,1,307,1,292,1,48,2,440,0,33,0,252,1,85,2,165,4,128,0,3,0,25
2024-07-02,32,2158,1,187,0,127,2,85,2,383,0,53,0,95,3,158,5,231,4,219,0,7,0,41
2024-07-03,26,2226,1,355,0,149,1,82,2,334,1,73,0,107,3,195,3,97,3,215,0,3,0,42
2024-07-04,25,1555,1,105,0,144,3,89,1,168,0,0,1,163,2,152,2,83,3,187,0,19,0,0
2024-07-05,12,1009,1,110,0,137,0,21,2,179,0,0,0,68,2,129,1,54,3,182,0,29,0,0
2024-07-06,13,1466,1,126,0,50,0,28,0,57,0,1,0,244,2,0,1,45,2,211,0,24,0,0
2024-07-07,14,1174,0,174,0,57,0,25,0,7,0,0,0,0,2,144,1,39,3,233,0,32,0,3
2024-07-08,26,2649,1,208,0,49,1,40,3,388,0,0,1,84,4,375,2,115,4,232,0,38,0,0
2024-07-09,29,3300,1,311,0,18,3,80,3,423,0,0,1,257,4,374,3,102,4,226,0,31,0,5
2024-07-10,21,2209,1,154,0,169,1,42,0,72,0,0,0,71,2,249,3,106,4,199,0,25,0,24
2024-07-11,20,1495,1,240,0,33,0,23,2,198,0,2,0,71,1,99,2,48,4,201,0,8,0,0
2024-07-12,20,1705,1,229,0,29,1,38,2,235,0,13,0,134,0,66,2,60,3,217,0,21,0,1
2024-07-13,17,1602,2,152,0,82,2,74,1,157,0,17,0,104,1,67,2,61,3,177,1,35,0,2
2024-07-14,19,1974,2,223,0,2,1,76,2,187,0,0,0,142,1,64,1,74,2,163,0,15,0,2
2024-07-15,23,1681,1,290,0,13,2,86,1,169,0,36,2,282,2,219,0,36,2,173,1,18,0,0
2024-07-16,23,2020,1,247,0,27,2,65,1,169,0,62,2,272,3,228,0,38,1,96,0,4,0,0
2024-07-17,20,2238,1,178,0,106,2,70,4,396,0,62,1,232,1,40,0,43,2,197,0,12,0,3
2024-07-18,17,2086,1,142,0,62,2,72,3,301,0,0,0,159,1,25,1,73,1,129,0,0,0,5
2024-07-19,15,1319,1,259,0,121,1,38,3,286,0,16,0,159,1,27,1,51,4,233,0,2,0,2
2024-07-20,16,1300,1,200,0,81,1,32,3,227,0,0,0,140,0,6,1,26,5,213,1,18,0,17
2024-07-21,16,1686,1,168,0,58,1,30,4,370,0,0,1,240,1,166,0,16,4,217,0,15,0,0
2024-07-22,23,1560,0,193,0,0,0,31,2,56,0,15,0,282,0,0,0,46,5,209,0,5,0,1
2024-07-23,23,1610,0,231,0,0,1,48,1,33,0,18,0,288,0,0,0,52,5,234,0,5,0,0
2024-07-24,17,2018,0,160,0,0,1,36,4,365,0,6,0,471,0,56,0,32,5,247,0,7,0,16
2024-07-25,17,2048,0,310,0,20,1,44,3,316,0,0,1,440,1,143,1,62,2,77,0,9,0,2
2024-07-26,17,1931,0,366,0,0,1,46,3,350,0,1,1,364,1,124,1,52,2,72,0,5,0,1
2024-07-27,18,1743,1,266,0,21,1,51,2,338,0,5,0,131,2,182,1,53,3,195,0,15,0,0
2024-07-28,15,1405,1,323,0,0,2,76,1,160,0,5,0,96,2,201,1,54,2,125,0,2,0,0
2024-07-29,18,1712,1,102,0,0,0,11,3,175,0,21,1,341,0,149,0,0,1,71,1,23,0,1
2024-07-30,20,3040,0,60,0,0,2,87,3,346,0,31,3,539,0,204,2,46,1,95,0,13,0,1
2024-07-31,21,2682,0,332,0,0,3,118,3,295,0,12,3,483,0,91,1,0,1,128,1,19,0,1
2024-08-01,21,3269,2,344,1,171,2,82,3,716,0,0,1,373,1,274,2,69,2,143,1,40,0,0
2024-08-02,33,3039,1,209,0,10,0,42,4,721,0,2,1,188,3,352,4,164,4,261,1,51,0,1
2024-08-03,33,2758,2,340,0,15,0,49,1,259,1,27,1,109,5,217,4,64,3,212,0,30,0,0
2024-08-04,34,2043,1,170,0,15,3,103,0,133,0,4,3,429,4,173,4,47,3,185,0,20,0,1
2024-08-05,20,1784,1,126,0,67,1,42,1,172,0,0,4,533,1,188,3,138,2,238,2,57,0,0
2024-08-06,23,2412,1,123,0,20,0,31,1,170,0,0,5,605,2,224,3,117,2,213,2,67,0,0
2024-08-07,24,1990,0,67,0,17,0,35,1,146,0,4,3,389,2,147,3,117,1,201,2,89,0,0
2024-08-08,25,1851,0,163,0,60,1,49,1,227,0,6,0,143,3,155,3,153,5,284,1,57,0,0
2024-08-09,28,2477,1,278,0,42,0,22,1,261,0,0,0,167,3,143,4,157,5,298,1,50,0,6
2024-08-10,22,1915,1,231,0,59,0,48,1,177,0,0,0,201,3,256,4,79,3,216,0,27,0,15
2024-08-11,23,1989,2,413,0,76,1,52,2,155,0,0,1,288,2,204,2,29,2,192,1,37,0,13
2024-08-12,28,2004,2,351,0,67,1,52,0,127,0,0,1,445,1,150,2,52,3,174,2,103,0,3
2024-08-13,28,2016,1,208,0,35,2,79,0,149,0,14,2,673,1,118,2,54,3,139,3,113,0,0
2024-08-14,28,2328,1,116,0,51,3,97,0,117,0,0,1,314,3,145,2,51,4,347,2,68,0,0
2024-08-15,24,2120,1,342,0,0,0,24,1,272,0,0,1,357,3,198,1,67,3,197,1,39,0,0
2024-08-16,24,2318,1,288,0,29,1,81,1,272,0,0,0,347,3,199,1,65,2,150,0,1,0,0
2024-08-17,34,2526,2,609,0,0,2,64,2,227,0,0,0,140,3,296,3,118,3,283,1,11,0,15
2024-08-18,30,2366,2,553,0,124,0,30,1,316,0,17,1,252,4,281,4,130,3,186,1,54,0,10
2024-08-19,32,3587,3,607,1,180,5,172,0,64,0,18,0,405,3,169,4,104,3,245,1,33,1,10
2024-08-20,52,4001,2,576,1,85,5,186,4,929,0,11,1,349,2,171,9,283,3,177,1,43,1,0
2024-08-21,28,2638,2,659,0,47,1,22,1,176,0,13,0,193,3,204,1,28,3,177,0,3,1,15
2024-08-22,30,2291,1,504,0,0,1,87,2,253,0,0,0,193,4,269,2,62,3,177,0,1,0,11
2024-08-23,30,2379,1,273,0,0,2,82,1,260,0,0,0,209,4,264,2,68,3,202,0,7,0,0
2024-08-24,32,2443,2,417,1,107,1,16,1,81,0,0,1,182,4,220,2,56,3,151,1,48,0,7
2024-08-25,32,2434,1,436,0,0,1,36,1,39,0,0,1,190,3,243,2,117,4,297,0,11,0,1
2024-08-26,38,2949,2,562,0,5,1,52,1,229,0,0,0,264,4,254,4,118,4,263,0,24,0,4
2024-08-27,41,3272,2,502,0,38,1,43,1,393,0,0,2,355,4,248,2,65,4,243,1,39,0,9
2024-08-28,42,3783,2,541,1,138,2,75,2,308,0,0,2,413,11,319,2,58,3,222,0,27,0,0
2024-08-29,48,3592,1,324,1,150,1,61,2,495,0,0,3,412,12,584,0,23,2,222,1,30,0,0
2024-08-30,57,4586,1,274,0,116,2,83,3,676,0,1,4,700,7,406,3,80,5,305,1,37,0,0
2024-08-31,55,4869,0,34,0,33,3,140,4,624,0,0,3,575,7,403,1,44,4,346,2,74,0,0
2024-09-01,39,3742,3,505,0,102,3,99,3,404,2,90,2,385,5,87,0,49,7,298,2,59,0,0
2024-09-02,47,3210,3,656,1,27,3,88,3,449,0,0,2,628,9,180,4,119,5,343,1,52,0,26
2024-09-03,38,2757,2,597,1,127,2,77,2,243,0,0,1,342,6,58,4,75,3,227,0,36,0,23
2024-09-04,38,2416,2,357,0,102,2,66,1,103,0,0,1,473,8,194,4,92,3,245,0,57,0,28
2024-09-05,28,1983,1,271,0,129,2,75,2,126,0,0,2,322,9,147,3,130,3,255,1,57,0,14
2024-09-06,37,3454,1,302,0,89,1,59,1,286,0,13,2,439,9,228,2,61,4,210,0,33,0,5
2024-09-07,40,2469,2,299,0,221,1,70,0,68,0,0,2,80,7,201,2,49,3,154,0,32,0,15
2024-09-08,40,2970,3,508,0,129,2,77,0,107,0,0,3,747,6,188,2,62,2,127,0,31,0,28
2024-09-09,38,4990,5,1020,0,88,2,80,2,150,0,11,4,1400,10,189,2,53,2,202,0,25,0,5
2024-09-10,37,3643,3,461,0,154,1,58,0,149,0,11,1,590,9,461,3,58,4,239,2,95,0,0
2024-09-11,43,3545,4,684,0,163,3,95,1,240,0,24,2,780,10,168,3,48,4,289,2,93,0,0
2024-09-12,44,3456,4,670,0,193,2,89,0,25,0,22,2,699,10,156,2,50,4,298,2,85,0,0
2024-09-13,47,3752,3,599,0,138,4,149,2,334,0,19,2,606,9,217,3,95,5,399,2,81,0,27
2024-09-14,39,3060,0,256,0,168,2,121,1,217,0,0,2,578,7,227,2,85,3,215,1,79,0,16
2024-09-15,38,2555,1,334,0,191,2,76,1,225,0,0,2,652,7,206,2,78,3,181,2,107,0,12
2024-09-16,41,4065,1,448,1,276,2,88,1,261,0,2,3,893,8,217,1,71,4,334,0,21,0,29
2024-09-17,44,4103,3,625,1,211,2,81,2,326,0,0,0,889,7,231,2,83,5,353,1,48,0,50
2024-09-18,47,4370,3,787,1,242,1,66,1,210,0,0,1,1021,8,205,3,144,5,380,0,27,0,10
2024-09-19,40,3972,2,657,1,311,0,15,1,196,0,0,1,1021,8,230,3,144,5,365,0,30,0,5
2024-09-20,42,4039,3,721,0,174,1,32,2,340,0,0,1,809,8,240,3,73,4,259,1,37,0,7
2024-09-21,41,4185,2,539,2,316,1,43,2,419,0,0,0,538,6,238,2,45,5,243,3,107,0,9
2024-09-22,38,3991,4,676,2,296,2,53,2,413,0,0,0,521,6,241,2,56,5,230,2,106,0,8
2024-09-23,36,3787,2,479,0,196,1,40,0,155,0,0,2,272,4,196,4,219,3,228,1,41,0,1
2024-09-24,30,3112,2,429,0,190,0,28,1,127,0,0,0,312,5,210,5,244,2,214,0,22,0,0
2024-09-25,34,3713,4,751,1,183,0,24,1,145,0,3,1,500,5,220,3,112,2,171,1,41,0,11
2024-09-26,34,3691,4,751,1,124,1,50,0,125,0,4,2,452,5,201,3,100,2,172,1,38,0,28
2024-09-27,46,4598,4,859,1,274,1,49,1,321,0,0,3,739,6,286,3,136,6,350,0,33,0,14
2024-09-28,48,5458,4,882,1,182,1,91,2,510,0,7,1,1171,6,300,3,109,4,260,0,31,0,7
2024-09-29,50,5879,4,764,1,174,1,95,2,562,0,35,0,1592,5,375,2,126,4,264,1,36,0,0
2024-09-30,46,4883,4,794,0,102,2,120,3,592,0,0,7,1286,2,373,4,180,4,208,1,30,0,11
2024-10-01,40,5826,6,1154,2,305,2,49,0,228,0,5,6,1991,6,261,5,148,4,271,2,78,1,23
2024-10-02,54,6365,5,1174,1,264,1,52,0,228,0,0,5,2064,6,334,7,270,3,243,2,90,1,36
2024-10-03,54,6214,7,1339,1,303,3,91,1,353,0,4,4,896,6,263,4,129,5,441,1,53,1,37
2024-10-04,56,6078,6,1008,1,236,4,107,1,347,0,0,4,1063,6,323,5,153,6,394,1,42,0,26
2024-10-05,37,4462,5,687,1,298,4,176,1,140,0,8,2,613,10,364,1,62,3,260,2,32,0,21
2024-10-06,37,4651,4,659,0,105,1,58,1,130,0,10,3,712,7,232,0,0,4,331,0,16,0,22
2024-10-07,47,4983,5,1020,1,219,1,40,1,324,1,104,4,761,7,363,3,133,5,365,1,38,0,9
2024-10-08,47,4648,6,1152,1,204,3,111,2,333,2,136,2,442,7,439,3,149,5,348,1,32,0,19
2024-10-09,49,5191,6,1267,1,198,3,117,2,306,0,12,2,421,8,455,4,144,5,324,0,19,1,29
2024-10-10,58,6150,4,765,1,267,3,129,3,535,0,11,4,1237,6,210,4,114,5,375,2,69,0,4
2024-10-11,59,6526,3,595,2,334,1,52,1,419,0,4,4,1109,6,386,5,259,6,435,2,59,1,11
2024-10-12,53,4995,2,449,2,342,1,36,1,137,0,19,4,640,6,371,4,235,6,438,1,21,2,36
2024-10-13,50,4806,3,492,1,321,2,71,0,57,0,22,3,675,6,276,2,112,5,352,0,14,3,85
2024-10-14,59,5579,3,541,1,238,2,86,5,620,1,0,2,964,6,250,4,171,6,414,1,61,0,0
2024-10-15,56,5287,3,582,1,208,2,92,3,349,2,31,2,1085,5,255,3,158,6,417,1,55,0,0
2024-10-16,56,5394,2,507,0,175,1,50,3,337,0,9,2,1104,5,256,3,157,6,354,0,37,0,0
2024-10-17,65,5930,5,906,0,143,2,117,1,321,0,0,3,1255,5,184,6,190,6,398,1,45,2,79
2024-10-18,64,6091,5,630,0,210,3,103,2,383,0,0,5,1590,6,291,4,162,6,410,2,55,1,34
2024-10-19,58,5309,3,241,2,470,0,18,1,375,0,8,5,1313,6,345,3,115,6,397,2,86,1,27
2024-10-20,43,4840,2,367,2,376,0,5,2,251,0,4,4,942,4,123,2,93,5,259,2,88,1,39
2024-10-21,50,5158,3,630,0,87,2,91,2,400,1,0,3,744,6,416,3,147,2,181,2,66,1,66
2024-10-22,54,5065,2,535,1,158,2,89,2,395,1,0,3,794,6,424,6,305,2,132,2,68,1,33
2024-10-23,57,5541,3,535,1,130,3,120,2,310,1,0,3,810,6,418,6,347,2,133,2,75,0,18
2024-10-24,50,5213,5,998,1,207,3,107,1,164,1,28,2,616,6,259,3,114,3,208,1,42,0,1
2024-10-25,52,4949,3,847,1,165,3,106,1,131,0,16,1,538,4,180,3,128,4,262,1,34,1,15
2024-10-26,54,5160,4,791,0,119,3,108,1,236,1,7,2,346,3,152,4,131,4,218,0,21,2,33
2024-10-27,52,5668,4,1099,0,129,2,86,1,170,1,0,2,984,8,376,3,158,4,280,1,67,0,23
2024-10-28,72,7140,2,683,1,176,3,113,1,169,3,13,5,1634,9,573,4,150,4,315,2,78,3,4
2024-10-29,72,6716,2,591,2,212,5,164,2,378,4,14,4,1678,10,659,3,98,4,318,1,50,3,0
2024-10-30,71,6878,2,396,3,549,3,93,3,739,1,17,6,1630,8,654,4,154,3,355,2,66,2,67
2024-10-31,66,7009,5,761,2,551,2,74,3,756,0,0,6,1207,7,671,2,137,7,304,1,57,2,83
2024-11-01,63,7488,6,1007,1,90,1,57,2,467,1,15,5,866,6,323,5,243,7,408,2,78,0,22
2024-11-02,75,7907,5,912,2,298,2,94,4,580,3,72,1,0,5,371,7,263,4,394,3,68,0,2
2024-11-03,71,6916,6,1139,2,285,2,72,3,386,3,86,3,433,6,240,7,237,4,325,2,58,0,14
2024-11-04,82,7687,3,957,1,120,2,68,0,0,2,55,5,1810,5,208,10,416,5,295,4,128,0,26
2024-11-05,73,7333,2,565,1,119,3,126,1,18,2,48,5,1712,5,259,11,449,6,320,4,130,0,0
2024-11-06,74,7177,6,1108,1,165,2,87,1,285,2,35,4,1432,7,494,8,309,7,374,3,124,0,51
2024-11-07,77,8214,5,946,2,277,2,82,2,378,1,36,4,1114,8,585,8,299,9,461,2,90,1,61
2024-11-08,78,8702,8,1348,1,256,2,101,3,489,0,23,4,1292,7,449,7,283,7,453,2,95,1,52
2024-11-09,82,8931,5,861,1,235,4,140,4,381,6,195,3,1445,7,552,8,325,7,433,1,53,3,100
2024-11-10,89,8565,5,985,2,474,3,98,4,615,6,203,4,1472,7,460,11,387,7,519,2,77,4,129
2024-11-11,84,6878,4,838,0,105,2,69,2,198,3,5,5,1403,8,502,7,275,6,267,3,104,2,56
2024-11-12,76,6195,3,577,0,89,1,60,1,123,3,44,5,1268,8,491,7,291,6,236,2,69,2,57
2024-11-13,75,6994,5,870,1,285,2,71,1,198,4,73,4,1122,7,433,7,275,5,283,2,81,1,50
2024-11-14,78,7416,5,1008,1,282,2,70,2,493,0,9,7,2058,7,425,7,293,6,327,2,79,2,69
2024-11-15,78,7314,6,1047,1,297,3,119,3,510,1,29,7,2091,7,459,7,284,6,365,2,79,2,72
2024-11-16,59,6350,0,0,2,237,4,160,3,629,3,41,3,1841,9,569,2,176,6,436,0,52,2,68
2024-11-17,69,6780,0,0,2,249,4,201,2,307,2,39,3,2214,9,502,5,253,5,353,2,76,1,59
2024-11-18,95,10115,5,1067,1,165,4,189,4,566,4,108,7,1629,7,301,10,482,6,392,4,94,2,77
2024-11-19,94,9867,5,1184,0,169,4,141,4,563,5,110,6,1649,7,328,10,461,6,481,4,104,2,72
2024-11-20,76,9557,6,1179,0,47,4,133,4,711,1,24,5,1598,9,384,8,399,6,415,3,96,3,89
2024-11-21,91,9988,6,1166,0,31,4,132,3,571,1,3,6,2257,7,458,9,353,6,408,3,105,3,98
2024-11-22,92,9989,5,1102,2,289,3,111,3,567,1,42,7,2257,7,459,8,358,6,358,3,107,3,98
2024-11-23,132,13125,7,749,1,336,7,226,6,862,5,92,6,2489,14,877,12,465,8,408,2,76,1,83
2024-11-24,144,13891,2,621,1,357,7,224,5,740,5,112,10,2730,16,691,15,556,6,384,3,124,1,48
2024-11-25,161,11736,5,1056,2,320,7,283,12,1463,3,147,6,1669,12,677,15,511,8,421,3,96,6,117
2024-11-26,168,12480,5,1167,2,366,4,191,12,1888,5,158,6,1682,13,742,15,537,8,430,3,93,7,133
2024-11-27,94,8835,5,883,3,402,3,112,5,802,1,55,4,2045,11,448,11,344,5,307,3,93,4,111
2024-11-28,134,13228,7,1489,2,461,8,316,5,818,2,54,10,2893,10,517,13,426,10,460,5,147,5,151
2024-11-29,141,13356,7,1594,2,462,7,255,3,527,2,59,10,2788,13,594,12,434,10,509,5,148,6,151
2024-11-30,140,13060,7,1323,2,404,7,262,3,592,1,54,11,2524,13,504,15,522,11,603,3,125,4,92
2024-12-01,121,12797,7,1257,1,133,6,169,8,1447,5,57,2,314,11,659,7,266,10,729,11,344,0,75
2024-12-02,136,11777,4,1125,1,147,8,263,2,629,8,92,11,3286,7,588,14,675,8,413,8,269,5,153
2024-12-03,153,13116,4,1178,1,127,8,275,5,978,8,202,11,3502,8,382,21,947,5,294,8,276,6,159
2024-12-04,152,13399,5,936,2,212,8,259,4,770,4,103,8,2582,25,1214,16,718,11,711,5,197,6,253
2024-12-05,173,13920,7,1298,3,450,7,277,4,859,2,36,9,2605,17,871,19,737,16,1038,9,281,6,183
2024-12-06,176,14585,7,1369,2,352,9,332,4,890,4,69,10,2868,14,750,19,830,18,1072,10,316,6,181
2024-12-07,185,15211,5,1092,2,249,9,264,12,1238,4,70,10,2708,23,1279,15,450,15,970,9,316,5,219
2024-12-08,200,14871,7,892,1,207,7,235,15,1356,5,77,7,2183,23,1430,14,501,13,737,9,317,12,500
2024-12-09,174,15012,5,1335,1,188,7,286,3,439,11,60,6,1978,17,846,14,623,9,706,9,246,9,368
2024-12-10,172,15838,3,905,1,231,7,293,6,938,11,181,7,1832,17,1246,11,443,8,498,8,241,9,321
2024-12-11,194,15934,5,994,2,482,9,308,7,989,6,106,7,2349,23,1410,15,595,14,882,11,368,8,271
2024-12-12,220,17352,4,972,2,404,9,354,10,1452,2,97,9,2413,24,1250,17,711,17,1064,12,377,11,400
2024-12-13,221,17377,5,1168,1,168,9,352,10,1448,4,100,10,2473,21,1050,18,708,17,1075,12,379,11,406
2024-12-14,188,14567,2,1048,2,247,6,158,11,1524,6,141,4,1457,18,1159,20,751,18,1199,12,383,7,355
2024-12-15,165,13259,2,653,2,355,3,108,12,1843,7,138,4,1515,23,1497,17,708,18,1106,9,316,6,211
2024-12-16,201,16088,9,1501,1,276,10,403,11,1860,5,85,7,1625,24,1555,15,760,19,1047,10,369,8,281
2024-12-17,181,15064,8,1650,1,220,11,453,13,1759,6,96,5,771,26,1202,12,590,10,771,10,387,6,214
2024-12-18,190,14212,8,1702,2,332,7,238,8,1392,4,46,8,1860,16,1174,14,548,11,775,10,346,8,311
2024-12-19,183,14338,8,1749,1,323,4,151,8,1247,3,104,7,1860,14,1059,13,595,11,762,6,222,10,327
2024-12-20,96,7670,5,999,1,232,4,141,3,371,2,64,3,824,9,620,10,571,6,398,5,180,4,127
2024-12-21,60,7119,2,701,1,289,3,100,1,277,2,18,3,911,4,350,5,484,4,189,3,89,1,27
2024-12-22,37,5871,3,441,1,215,2,65,0,72,2,15,3,1040,3,178,2,82,2,145,2,74,0,21
2024-12-23,34,3092,4,830,0,14,1,55,0,154,0,17,1,169,6,427,1,15,3,288,0,9,1,40
2024-12-24,32,2975,4,869,0,49,1,53,0,179,0,31,1,144,6,409,1,18,3,252,0,5,1,43
2024-12-25,67,7335,8,1673,1,316,2,89,1,227,0,13,3,1233,6,490,5,288,4,315,3,117,2,79
2024-12-26,68,7638,8,1837,2,476,1,55,2,291,1,41,4,1308,6,538,5,290,4,309,3,116,2,80
2024-12-27,85,6975,8,1404,0,88,1,35,3,502,0,8,6,1318,4,438,6,243,9,563,2,55,1,42
2024-12-28,72,7499,8,1397,0,81,1,55,6,958,1,0,7,666,5,414,5,273,5,345,0,0,0,2
2024-12-29,72,7529,9,1511,0,109,1,43,4,787,1,2,6,616,5,446,4,239,4,282,0,0,0,3
2024-12-30,84,8185,13,1786,0,22,1,0,3,648,0,0,21,4404,0,0,12,504,11,798,0,0,7,268
2024-12-31,61,7563,14,1832,0,1,1,0,2,438,0,0,17,4364,0,0,11,480,7,738,0,0,5,228
