Number,Product,PLU,On Fashione
5060474526685,G-32 BRANDY BROWN,0003850800,Yes
5060474526715,G-33 BRANDY BROWN,0003851100,Yes
5060474526746,G-34 BRANDY BROWN,0003851400,Yes
5060474524520,A4 SLEEVE CHESTNUT,0001322200,Yes
5060474524513,A4 SLEEVE BROWN,0001322100,Yes
5061049603442,LF-101 ,0005020200,Yes
5061049603459,LF-102 ,0005020300,Yes
5061049603466,LF-103 ,0005020400,Yes
5061049603473,LF-104 ,0005019700,Yes
5061049603480,LF-105 ,0005020500,Yes
5061049603497,LF-106 ,0005020600,Yes
5061049603503,LF-107 ,0005019600,Yes
5061049603510,LF-108 ,0005020700,Yes
5061049603527,LF-109 ,0005020800,Yes
5061049603534,LF-110 ,0005019400,Yes
5061049603541,LF-111 ,0005021800,Yes
5061049603558,LF-112 ,0005022000,Yes
5061049603565,LF-113 ,0005022200,Yes
5061049603572,LF-114 ,0005019500,Yes
5061049603589,LF-115 ,0005019800,Yes
5061049603596,LF-116 ,0005019900,Yes
5061049603602,LF-117 ,0005019000,Yes
5061049603619,LF-118 ,0005021200,Yes
5061049603626,LF-119 ,0005021300,Yes
5061049603633,LF-120 ,0005021400,Yes
5061049603640,LF-121 ,0005021500,Yes
5061049603657,LF-122 ,0005021600,Yes
5061049603664,LF-123 ,0005021700,Yes
5061049603671,LF-124 ,0005022500,Yes
5061049603688,LF-125 ,0005022600,Yes
5061049603695,LF-126 ,0005018300,Yes
5061049603701,LF-127 ,0005018400,Yes
5061049603718,LF-128 ,0005018200,Yes
5061049603725,LF-129 ,0005022700,Yes
5061049603732,LF-130 ,0005022800,Yes
5061049603749,LF-131 ,0005022900,Yes
5061049603756,LF-132 ,0005023000,Yes
5061049603763,LF-133 ,0005023100,Yes
5061049603770,LF-134 ,0005014600,Yes
5061049603787,LF-135 ,0005016300,Yes
5061049603794,LF-136 ,0005014700,Yes
5061049603800,LF-137 ,0005018500,Yes
5061049603817,LF-138 ,0005018100,Yes
5061049603824,LF-139 ,0005015100,Yes
5061049603831,LF-140 ,0005023200,Yes
5061049603848,LF-141 ,0005015300,Yes
5061049603855,LF-142 ,0004872600,Yes
5061049603862,LF-143 ,0004869600,Yes
5061049603879,LF-144 ,0004903400,Yes
5061049603886,LF-145 ,0005015200,Yes
5061049603893,LF-146 ,0005014800,Yes
5061049603909,LF-147 ,0005015800,Yes
5061049603916,LF-148 ,0005016000,Yes
5061049603923,LF-149 ,0005016100,Yes
5061049603930,LF-150 ,0005015000,Yes
5061049603947,LF-151 ,0005015400,Yes
5061049603954,LF-152 ,0005015700,Yes
5061049603961,LF-153 ,0005015500,Yes
5061049603978,LF-154 ,0005016200,Yes
5061049603985,LF-155 ,0005015900,Yes
5061049603992,LF-156 ,0005014900,Yes
5061049604005,LF-157 ,0005023300,Yes
5061049604012,LF-158 ,0005023400,Yes
5061049604029,LF-159 ,0005020000,Yes
5061049604036,LF-160 ,0005020100,Yes
5061049604043,LF-161 ,0005017900,Yes
5061049604050,LF-162 ,0005018000,Yes
5061049604067,LF-163 ,0005019300,Yes
5061049604074,LF-164 ,0005018700,Yes
5061049604081,LF-165 ,0005018800,Yes
5061049604098,LF-166 ,0005018900,Yes
5061049604104,LF-167 ,0005014500,Yes
5061049604135,LF-170 ,0005018600,Yes
5061049604142,LF-171 ,0005015600,Yes
5061049604159,LF-172 ,0005019100,Yes
5061049604166,LF-173 ,0005023500,Yes
5061049604173,LF-174 ,0005019200,Yes
5061049604289,LF-184 ,0005024900,Yes
5061049604296,LF-185 ,0005024800,Yes
5061049604302,LF-186 ,0005024700,Yes
5061049604319,LF-187 ,0005025000,Yes
5061049604326,LF-188 ,0005060400,Yes
5061049604340,LF-189 ,0005068500,Yes
5060474523998,2080 BROWN,0000074200,Yes
5060474524001,2080 COGNAC,0000072600,Yes
5060474524513,A4ZIPFOLDER BROWN,0001322100,Yes
5060474524520,A4ZIPFOLDER CHESTNUT,0001322200,Yes
5060821287269,C-50 BLACK,0004473200,Yes
5060821287276,C-50 GREEN,0004473400,Yes
5060821288563,C-50 TAN,0004148300,Yes
5060999706395,C-51 BORDO,0004151200,Yes
5060999706401,C-51 GREEN,0004149000,Yes
5060999706418,C-51 TAN,0004148700,Yes
5060999706425,C-51 TEAL,0004148800,Yes
5060999703684,C-52 BLACK,0004149300,Yes
5060999706524,C-52 BORDO,0004151300,Yes
5060999703691,C-52 GREEN,0004149400,Yes
5060999706517,C-52 TAN,0004149100,Yes
5060999706500,C-52 TEAL,0004149200,Yes
5060999706531,C-53 BLACK,0004149500,Yes
5060999706548,C-53 BORDO,0004151400,Yes
5060999706555,C-53 GREEN,0004149800,Yes
5060999706562,C-53 TAN,0004149600,Yes
5060999706579,C-53 TEAL,0004149700,Yes
5060999706630,C-55 BLACK,0004150300,Yes
5060999706678,C-55 TEAL,0004150500,Yes
5060999706685,C-56 BLACK,0004150700,Yes
5060999706715,C-56 TAN,0004150800,Yes
5060999706722,C-56 TEAL,0004150900,Yes
5060821288372,C-57 BLACK-CROC,0004508100,Yes
5060821288396,C-57 GREEN-CROC,0004508200,Yes
5060821288389,C-57 TAN-CROC,0004508300,Yes
5060821288518,C-59 BLACK-CROC,0004509000,Yes
5060821288532,C-59 GREEN-CROC,0004509100,Yes
5060821288525,C-59 TAN-CROC,0004509200,Yes
5060999701710,CB-3 YELLOW,0004595700,Yes
5060999707194,CB-5 BLACK,0004786700,Yes
5060999707200,CB-5 BORDEAUX,0004786800,Yes
5060999707217,CB-5 CARVET-GREEN,0004786900,Yes
5060999707224,CB-5 NAVY,0004787000,Yes
5060999707231,CB-5 ORANGE,0004787100,Yes
5060999707248,CB-5 TAN,0004787200,Yes
5060999707255,CB-5 YELLOW,0004787300,Yes
5060999701574,D-90 BRANDY,0005046300,Yes
5060999701598,D-90 GREEN,0004594500,Yes
5060999701581,D-90 TAN,0004594300,Yes
5060999701604,D-91 BRANDY,0004598800,Yes
5060999701628,D-91 GREEN,0004594800,Yes
5060999701611,D-91 TAN,0004594600,Yes
5060999701635,D-92 BRANDY,0004598600,Yes
5060999701659,D-92 GREEN,0004595100,Yes
5060999701642,D-92 TAN,0004594900,Yes
5060999701666,D-93 BRANDY,0004598700,Yes
5060999701680,D-93 GREEN,0004595400,Yes
5060999701673,D-93 TAN,0004595200,Yes
5060999701697,D-95 BRANDY,0004598900,Yes
5060999701710,D-95 GREEN,0004595700,Yes
5060999701703,D-95 TAN,0004595500,Yes
5060474526678,G-32 BLACK,0003850700,Yes
5060474526685,G-32 BRANDY,0003850800,Yes
5060474526708,G-33 BLACK,0003851000,Yes
5060474526715,G-33 BRANDY,0003851100,Yes
5060474526739,G-34 BLACK,0003851300,Yes
5060474526746,G-34 BRANDY,0003851400,Yes
5060474526760,G-36 BLACK,0003851900,Yes
5060821280222,G-37 BLACK,0003852200,Yes
5060474524384,GARETH MUD,0000075500,Yes
5060474523929,HARPER BROWN,0002023100,Yes
5060474524483,HARPER CHESTNUT,0002019800,Yes
5060474524056,HARRY BROWN,0000074700,Yes
5060474524223,HARRY CHESTNUT,0000073000,Yes
5060999702540,J-10 BLACK/LEOPARD,0004281400,Yes
5060999702557,J-10 PEACH-WHIP,0004281500,Yes
5060999702564,J-10 WINTER-SKY,0004281300,Yes
5060999702571,J-10 WOODROSE,0004281600,Yes
5060999702601,J-11 WINTER-SKY,0004281800,Yes
5060999702632,J-12 PEACH-WHIP,0004282300,Yes
5060999702649,J-12 WINTER-SKY,0004282200,Yes
5060999702700,J-14 BLACK,0004283000,Yes
5060999702694,J-14 WOODROSE,0004283100,Yes
5060999702861,J-18 BLACK,0004284000,Yes
5060999702878,J-18 BLUE-ATOLL,0004284200,Yes
5060999702885,J-18 RASPBERRY,0004284100,Yes
5060474524070,JOSH BROWN,0000074900,Yes
5060474524322,JOSH CHESTNUT,0000072800,Yes
5060474524186,LEWIS CHESTNUT,0002022800,Yes
5060474524087,MURPHY BROWN,0000075200,Yes
5060474524339,MURPHY CHESTNUT,0000073400,Yes
5060821281397,V-20 BLACK,0003859000,Yes
5060821281403,V-20 CHESTNUT,0003859100,Yes
5060821281410,V-20 NAVY,0003859200,Yes
5060821281427,V-21 BLACK,0003855700,Yes
5060821281434,V-21 CHESTNUT,0003855900,Yes
5060821281441,V-21 NAVY,0003855800,Yes
5060821281458,V-22 BLACK,0003856000,Yes
5060821281465,V-22 CHESTNUT,0003856200,Yes
5060821281472,V-22 NAVY,0003856100,Yes
5060821281489,V-23 BLACK,0003856300,Yes
5060821281519,V-23 NAVY,0003856400,Yes
5060821281526,V-24 BLACK,0003856600,Yes
5060821280260,V-24 CHESTNUT,0003856800,Yes
5060821281533,V-24 NAVY,0003856700,Yes
5060821281540,V-25 BLACK,0003856900,Yes
5060821281557,V-25 CHESTNUT,0003857100,Yes
5060821281564,V-25 NAVY,0003857000,Yes
5060821281571,V-26 BLACK,0003857200,Yes
5060821281588,V-26 CHESTNUT,0003857400,Yes
5060821281595,V-26 NAVY,0003857300,Yes
5060821281601,V-27 BLACK,0003857500,Yes
5060821281618,V-27 CHESTNUT,0003857700,Yes
5060821281625,V-27 NAVY,0003857600,Yes
5060821281632,V-28 BLACK,0003857800,Yes
5060821281649,V-28 CHESTNUT,0003858000,Yes
5060821282226,V-29 BLACK,0004129300,Yes
5060821282233,V-29 CHESTNUT,0004129500,Yes
5060821282240,V-29 NAVY,0004129400,Yes
5060821282257,V-30 BLACK,0004129600,Yes
5060821282264,V-30 CHESTNUT,0004129800,Yes
5060821282288,V-31 BLACK,0004129900,Yes
5060821282295,V-31 CHESTNUT,0004130100,Yes
5060821282301,V-31 NAVY,0004130000,Yes
5060821282318,V-32 BLACK,0004130200,Yes
5060821282325,V-32 CHESTNUT,0004130400,Yes
5060821282332,V-32 NAVY,0004130300,Yes
5061027912900,401 TAN S,0000204903,No
5061027912917,401 TAN M,0000204904,No
5061027912924,401 TAN L,0000204905,No
5061027912931,401 RED S,0000209103,No
5061027912948,401 RED M,0000209104,No
5061027912955,401 RED L,0000209105,No
5060999706470,401 BLACK S,0000210503,No
5060999706494,401 BLACK M,0000210504,No
5060999706487,401 BLACK L,0000210505,No
5061027912993,401 PLUM S,0000214703,No
5061027913006,401 PLUM M,0000214704,No
5061027913013,401 PLUM L,0000214705,No
5061027919688,710 BLACK S,0000316903,No
5061027919695,710 BLACK M,0000316904,No
5061027919701,710 BLACK L,0000316905,No
5061027919718,710 BLACK XL,0000316906,No
5061027919749,710 BROWN S,0000318303,No
5061027919725,710 BROWN M,0000318304,No
5061027919732,710 BROWN L,0000318305,No
5061027919756,710 BROWN XL,0000318306,No
5061027919770,710 TAN M,0000319704,No
5061027919787,710 TAN L,0000319705,No
5061027919794,710 TAN XL,0000319706,No
5061042990266,714 BLACK S,0000321103,No
5061042990273,714 BLACK M,0000321104,No
5061042990280,714 BLACK L,0000321105,No
5061042990297,714 BLACK XL,0000321106,No
5061042990228,714 BROWN S,0000322503,No
5061042990235,714 BROWN M,0000322504,No
5061042990242,714 BROWN L,0000322505,No
5061042990259,714 BROWN XL,0000322506,No
5061042990426,501 BLACK S,0000323903,No
5061042990433,501 BLACK M,0000323904,No
5061042990440,501 BLACK L,0000323905,No
5061042990457,501 BLACK XL,0000323906,No
5061042990464,501 BROWN S,0000325303,No
5061042990471,501 BROWN M,0000325304,No
5061042990488,501 BROWN L,0000325305,No
5061042990495,501 BROWN XL,0000325306,No
5061042990068,750 BLACK S,0000328103,No
5061042990075,750 BLACK M,0000328104,No
5061042990082,750 BLACK L,0000328105,No
5061042990099,750 BLACK XL,0000328106,No
5061042990020,750 TAN S,0000329503,No
5061042990037,750 TAN M,0000329504,No
5061042990044,750 TAN L,0000329505,No
5061042990051,750 TAN XL,0000329506,No
5061027919923,DB-905 BROWN S/M,0001086900,No
5061027919930,DB-905 BROWN L/XL,0001086901,No
5061027919909,DB-905 TAUPE S/M,0001087300,No
5061027919916,DB-905 TAUPE L/XL,0001087301,No
5061027919886,DB-905 BLACK S/M,0001087500,No
5061027919893,DB-905 BLACK L/XL,0001087501,No
5060474521598,RUCKSACK BROWN,0001321900,No
5060474524490,RUCKSACK BROWN,0001321900,No
5060474521581,RUCKSACK CHESTNUT,0001322000,No
5060474524506,RUCKSACK CHESTNUT,0001322000,No
5060474523974,89145 BROWN,0001322300,No
5060474523967,89145 CHESTNUT,0001322400,No
5060474524346,GARETH CHESTNUT,0001322500,No
5060474522021,PEDRO COGNAC,0001322600,No
5060821283797,PEDRO COGNAC,0001322600,No
5061042991027,2199 TAN S,0001353803,No
5061042991034,2199 TAN M,0001353804,No
5061042991041,2199 TAN L,0001353805,No
5061042991058,2199 TAN XL,0001353806,No
5061042991065,2199 TAN 2XL,0001353807,No
5061042991072,2199 TAN 3XL,0001353808,No
5061042990907,2199 BLACK S,0001355203,No
5061042990914,2199 BLACK M,0001355204,No
5061042990921,2199 BLACK L,0001355205,No
5061042990938,2199 BLACK XL,0001355206,No
5061042990945,2199 BLACK 2XL,0001355207,No
5061042990952,2199 BLACK 3XL,0001355208,No
5061042990969,2199 TIMBER S,0001356603,No
5061042990976,2199 TIMBER M,0001356604,No
5061042990983,2199 TIMBER L,0001356605,No
5061042990990,2199 TIMBER XL,0001356606,No
5061042991003,2199 TIMBER 2XL,0001356607,No
5061042991010,2199 TIMBER 3XL,0001356608,No
5061042990723,2101 BLACK S,0001362203,No
5061042990730,2101 BLACK M,0001362204,No
5061042990747,2101 BLACK L,0001362205,No
5061042990754,2101 BLACK XL,0001362206,No
5061042990761,2101 BLACK 2XL,0001362207,No
5061042990778,2101 BLACK 3XL,0001362208,No
5061042990853,2101 TAN M,0001363604,No
5061042990860,2101 TAN L,0001363605,No
5061042990877,2101 TAN XL,0001363606,No
5061042990891,2101 TAN 3XL,0001363608,No
5061042990785,2101 TIMBER S,0001365003,No
5061042990792,2101 TIMBER M,0001365004,No
5061042990808,2101 TIMBER L,0001365005,No
5061042990815,2101 TIMBER XL,0001365006,No
5061042990822,2101 TIMBER 2XL,0001365007,No
5061042990839,2101 TIMBER 3XL,0001365008,No
5061042990549,1895 BLACK S,0001366403,No
5061042990556,1895 BLACK M,0001366404,No
5061042990563,1895 BLACK L,0001366405,No
5061042990570,1895 BLACK XL,0001366406,No
5061042990587,1895 BLACK 2XL,0001366407,No
5061042990594,1895 BLACK 3XL,0001366408,No
5061042990662,1895 TAN S,0001367803,No
5061042990679,1895 TAN M,0001367804,No
5061042990686,1895 TAN L,0001367805,No
5061042990693,1895 TAN XL,0001367806,No
5061042990716,1895 TAN 3XL,0001367808,No
5061042990600,1895 TIMBER S,0001369203,No
5061042990617,1895 TIMBER M,0001369204,No
5061042990624,1895 TIMBER L,0001369205,No
5061042990631,1895 TIMBER XL,0001369206,No
5061042990648,1895 TIMBER 2XL,0001369207,No
5061042990655,1895 TIMBER 3XL,0001369208,No
5061042991386,KE-176 TOBACCO S,0001614403,No
5061042991393,KE-176 TOBACCO M,0001614404,No
5061042991409,KE-176 TOBACCO L,0001614405,No
5061042991416,KE-176 TOBACCO XL,0001614406,No
5061042991423,KE-176 TOBACCO 2XL,0001614407,No
5061042991430,KE-176 TOBACCO 3XL,0001614408,No
5061042991089,2238 BLACK S,0001632003,No
5061042991096,2238 BLACK M,0001632004,No
5061042991102,2238 BLACK L,0001632005,No
5061042991119,2238 BLACK XL,0001632006,No
5061042991126,2238 BLACK 2XL,0001632007,No
5061042991133,2238 BLACK 3XL,0001632008,No
5061042991201,2238 TAN S,0001633403,No
5061042991218,2238 TAN M,0001633404,No
5061042991225,2238 TAN L,0001633405,No
5061042991232,2238 TAN XL,0001633406,No
5061042991249,2238 TAN 2XL,0001633407,No
5061042991256,2238 TAN 3XL,0001633408,No
5061042991140,2238 TIMBER S,0001634803,No
5061042991157,2238 TIMBER M,0001634804,No
5061042991164,2238 TIMBER L,0001634805,No
5061042991171,2238 TIMBER XL,0001634806,No
5061042991188,2238 TIMBER 2XL,0001634807,No
5061042991195,2238 TIMBER 3XL,0001634808,No
5060474523936,8190 BROWN,0001685400,No
5060474521611,7990 RUST,0002020100,No
5060474526401,7994 RUST,0002020200,No
5060821282431,7994 RUST,0002020200,No
5060474526395,7993 RUST,0002020300,No
5060821282417,7993 RUST,0002020300,No
5060474526425,7996 RUST,0002020400,No
5060474526418,7995 RUST,0002020500,No
5060474526432,7997 RUST,0002020600,No
5060474526449,7998 RUST,0002020700,No
5060474524179,HAROLD CHESTNUT,0002022900,No
5060474527118,1775 RUST,0002023900,No
5060474527125,1776 RUST,0002024000,No
5060474527132,1777 RUST,0002024100,No
5060474527149,1778 RUST,0002024200,No
5060474527156,1779 RUST,0002024300,No
5060474527163,1780 RUST,0002024400,No
5060474526975,TW-01 BLACK,0002024500,No
5060474526982,TW-01 BROWN,0002024600,No
5060474527101,TW-01 CHESTNUT,0002024700,No
5061042991720,KE-117 GINGER S,0002054603,No
5061042991737,KE-117 GINGER M,0002054604,No
5061042991744,KE-117 GINGER L,0002054605,No
5061042991751,KE-117 GINGER XL,0002054606,No
5061042991768,KE-117 GINGER 2XL,0002054607,No
5061042991775,KE-117 GINGER 3XL,0002054608,No
5061027912870,401 NAVY S,0002166603,No
5061027912887,401 NAVY M,0002166604,No
5061027912894,401 NAVY L,0002166605,No
5060474525367,PHIL TAN,0002300300,No
5060474525374,PHIL BLACK,0002300400,No
5060474525336,HARVEY BLACK,0002300700,No
5060474525343,FRANCIS TAN,0002300800,No
5060474525350,FRANCIS BLACK,0002300900,No
5060474526548,4556 BLACK,0002301200,No
5060474526487,4552 BLACK,0002303200,No
5060474526494,4552 TAN,0002303300,No
5060474526463,4551 BLACK,0002303400,No
5060474526470,4551 TAN,0002303500,No
5060474525275,JACK BLACK,0002303600,No
5060474525268,JACK TAN,0002303700,No
5060474525299,OSCAR BLACK,0002303800,No
5061042991447,KE-176 TAN S,0002334403,No
5061042991454,KE-176 TAN M,0002334404,No
5061042991461,KE-176 TAN L,0002334405,No
5061042991478,KE-176 TAN XL,0002334406,No
5061042991485,KE-176 TAN 2XL,0002334407,No
5061042991492,KE-176 TAN 3XL,0002334408,No
5060474525329,HARVEY TAN,0002690200,No
5060821282400,7993 BROWN,0002690500,No
5060821282424,7994 BROWN,0002690600,No
5060821288846,7995 BROWN,0002690700,No
5060821288853,7996 BROWN,0002690800,No
5060821288860,7997 BROWN,0002690900,No
5060474521673,7990 BROWN,0002691100,No
5060821283551,1776 BROWN,0002691200,No
5060821283568,1777 BROWN,0002691300,No
5060821283575,1778 BROWN,0002691400,No
5060821283582,1779 BROWN,0002691500,No
5060821283599,1780 BROWN,0002691600,No
5060474527309,1557 TAN,0002696200,No
5060474527293,1557 BLACK,0002696300,No
5060474527279,1556 BLACK,0002696400,No
5060474527286,1556 TAN,0002696500,No
5060474527255,1555 BLACK,0002696600,No
5060474527262,1555 TAN,0002696700,No
5060474527231,1554 BLACK,0002696800,No
5060474527248,1554 TAN,0002696900,No
5060474527217,1553 BLACK,0002697000,No
5060474527224,1553 TAN,0002697100,No
5060474527194,1552 BLACK,0002697200,No
5060474527200,1552 TAN,0002697300,No
5060474527170,1551 BLACK,0002697400,No
5060474527323,1558 TAN,0002697500,No
5060474527187,1551 TAN,0002697600,No
5060821288839,7999 BROWN,0002716300,No
5060474526456,7999 RUST,0002716400,No
5060821283544,1775 BROWN,0002791400,No
5060474525985,8148 BROWN,0002852700,No
5060474526067,8146 TAN,0002852900,No
5060474526029,8142 TAN,0002853200,No
5060474525909,8140 BROWN,0002853300,No
5060474526050,8145 TAN,0002855000,No
5060474526005,8140 TAN,0002855500,No
5060474526081,8148 TAN,0002855700,No
5060474525961,8146 BROWN,0002856200,No
5060474525978,8147 BROWN,0002856700,No
5060474526036,8143 TAN,0002856800,No
5060474525930,8143 BROWN,0002857000,No
5060474525916,8141 BROWN,0002857300,No
5061027919800,821 BLACK S,0002887400,No
5061027919817,821 BLACK M,0002887401,No
5061027919824,821 BLACK L,0002887402,No
5061027919831,821 BLACK XL,0002887403,No
5061027919909,DB-905 TAUPE S/M,0002913100,No
5061027919916,DB-905 TAUPE L/XL,0002913101,No
5060821286576,1660 BROWN,0003179700,No
5060474526586,1660 TAN,0003179800,No
5060821286606,1661 BROWN,0003179900,No
5060474526593,1661 TAN,0003180000,No
5060821286590,1662 BROWN,0003180100,No
5060474526609,1662 TAN,0003180200,No
5060821286583,1663 BROWN,0003180300,No
5060474526616,1663 TAN,0003180400,No
5060821280215,1666 BROWN,0003180900,No
5060821282899,1666 TAN,0003181000,No
5060821286569,1667 BROWN,0003181100,No
5060474526630,1667 TAN,0003181200,No
5060821282349,GS-1287 BLACK,0003181300,No
5060821280246,GS-1287 BROWN,0003181400,No
5060821280253,GS-1287 CHESTNUT,0003181500,No
5060474527330,1881 BROWN,0003181600,No
5060474527347,1881 CHESTNUT,0003181700,No
5060474527354,1882 BROWN,0003181800,No
5060474527361,1882 CHESTNUT,0003181900,No
5060474527378,1883 BROWN,0003182000,No
5060474527385,1883 CHESTNUT,0003182100,No
5060474527392,1884 BROWN,0003182200,No
5060474527408,1884 CHESTNUT,0003182300,No
5060474527415,1885 BROWN,0003182400,No
5060474527422,1885 CHESTNUT,0003182500,No
5060474527439,1886 BROWN,0003182600,No
5060474527446,1886 CHESTNUT,0003182700,No
5060821282905,NOAH TAN,0003186500,No
5060474525381,FRED TAN,0003186600,No
5060474525893,ROBIN TAN,0003186700,No
5060474525411,SEB TAN,0003186800,No
5060474525398,PERRY TAN,0003186900,No
5060821288754,ED TAN,0003187000,No
5060821282875,RALPH TAN,0003187100,No
5060821282882,LAUREN TAN,0003187200,No
5060821288761,11319 BLACK,0003203100,No
5060821289430,11319 CHESTNUT,0003203200,No
5060821288778,79014 BLACK,0003203300,No
5060821288785,79014 CHESTNUT,0003203400,No
5060821282356,SAVOY TAN,0003208600,No
5060474527316,1558 BLACK,0003272000,No
5060474524230,LIAM BROWN,0003610300,No
5060474524292,DOUG BROWN,0003610400,No
5060474524261,KANE BROWN,0003610500,No
5060474524247,MARCUS BROWN,0003610600,No
5060474524254,WALTER BROWN,0003610700,No
5060474524285,TOBY BROWN,0003610800,No
5060474526951,APRON BLACK,0003612300,No
5060821288709,79014 BROWN,0003691900,No
5060821281298,G-28 BLACK,0003740800,No
5060821281304,G-28 BRANDY,0003740900,No
5060821281328,G-29 BLACK,0003741000,No
5060821281335,G-29 BRANDY,0003741100,No
5060821281342,G-29 HONEY,0003741200,No
5060821281175,G-23 BLACK,0003741300,No
5060821281182,G-23 BRANDY,0003741400,No
5060821281199,G-23 HONEY,0003741500,No
5060821281113,G-21 BLACK,0003741600,No
5060821281120,G-21 BRANDY,0003741700,No
5060821281137,G-21 HONEY,0003741800,No
5060821281144,G-22 BLACK,0003741900,No
5060821281151,G-22 BRANDY,0003742000,No
5060821281168,G-22 HONEY,0003742100,No
5060821281083,G-20 BLACK,0003742200,No
5060821281090,G-20 BRANDY,0003742300,No
5060821281106,G-20 HONEY,0003742400,No
5060821281236,G-27 BLACK,0003742500,No
5060821281250,G-27 HONEY,0003742600,No
5060821281243,G-27 BRANDY,0003742700,No
5060821280185,G-24 BLACK,0003742800,No
5060821280192,G-24 BRANDY,0003742900,No
5060821280208,G-24 HONEY,0003743000,No
5060821281267,G-26 BLACK,0003743100,No
5060821281281,G-26 HONEY,0003743200,No
5060821281274,G-26 BRANDY,0003743300,No
5060821281212,G-25 BRANDY,0003743400,No
5060821281229,G-25 HONEY,0003743500,No
5060474526968,APRON TAN,0003796100,No
5060821281205,G-25 BLACK,0003798900,No
5060821281311,G-28 HONEY,0003809500,No
5060474526647,G-31 BLACK,0003850400,No
5060474526654,G-31 BRANDY,0003850500,No
5060821281359,G-35 BLACK,0003851600,No
5060821281366,G-35 BRANDY,0003851700,No
5060474526777,G-36 BRANDY,0003852000,No
5060821280239,G-37 BRANDY,0003852300,No
5060821281496,V-23 CHESTNUT,0003856500,No
5060821281656,V-28 NAVY,0003857900,No
5060821283179,V-61 BLACK,0003858100,No
5060821283193,V-61 NAVY,0003858200,No
5060821283186,V-61 CHESTNUT,0003858300,No
5060821283209,V-62 BLACK,0003858400,No
5060821283223,V-62 NAVY,0003858500,No
5060821283216,V-62 CHESTNUT,0003858600,No
5060821283230,V-63 BLACK,0003858700,No
5060821283254,V-63 NAVY,0003858800,No
5060821283247,V-63 CHESTNUT,0003858900,No
5060474524988,M-61 BLACK,0003906400,No
5060474524995,M-61 COGNAC,0003906500,No
5060474525022,M-62 BLACK,0003906600,No
5060474525015,M-62 COGNAC,0003906700,No
5060474525046,M-63 BLACK,0003906800,No
5060474525039,M-63 COGNAC,0003906900,No
5060474525060,M-64 BLACK,0003907000,No
5060474525053,M-64 COGNAC,0003907100,No
5060474525084,M-65 BLACK,0003907200,No
5060474525077,M-65 COGNAC,0003907300,No
5060474525107,M-66 BLACK,0003907400,No
5060474525091,M-66 COGNAC,0003907500,No
5060474525121,M-67 BLACK,0003907600,No
5060474525114,M-67 COGNAC,0003907700,No
5060474525145,M-68 BLACK,0003907800,No
5060474525138,M-68 COGNAC,0003907900,No
5060474525169,M-69 BLACK,0003908000,No
5060474525152,M-69 COGNAC,0003908100,No
5060474525008,M-60 BLACK,0003908200,No
5060474524971,M-60 COGNAC,0003908300,No
5060474524803,M-51 BLACK,0003908400,No
5060474524797,M-51 COGNAC,0003908500,No
5060474524827,M-52 BLACK,0003908600,No
5060474524810,M-52 COGNAC,0003908700,No
5060474524841,M-53 BLACK,0003908800,No
5060474524834,M-53 COGNAC,0003908900,No
5060474524865,M-54 BLACK,0003909000,No
5060474524858,M-54 COGNAC,0003909100,No
5060474524889,M-55 BLACK,0003909200,No
5060474524872,M-55 COGNAC,0003909300,No
5060474524902,M-56 BLACK,0003909400,No
5060474524896,M-56 COGNAC,0003909500,No
5060474524926,M-57 BLACK,0003909600,No
5060474524919,M-57 COGNAC,0003909700,No
5060474524940,M-58 BLACK,0003909800,No
5060474524933,M-58 COGNAC,0003909900,No
5060474524964,M-59 BLACK,0003910000,No
5060474524957,M-59 COGNAC,0003910100,No
5060821283087,G-41 BLACK,0003934700,No
5060821283094,G-41 BRANDY,0003934900,No
5060821283117,G-42 BLACK,0003935000,No
5060821283124,G-42 BRANDY,0003935200,No
5060821283148,G-43 BLACK,0003935300,No
5060821283155,G-43 BRANDY,0003935500,No
5060999700959,A5 BOOK COVER COPPER BROWN,0004025800,No
5060999700966,A6 BOOK COVER COPPER BROWN,0004025900,No
5060474527064,5994 COPPER BROWN,0004026000,No
5060474527040,5991 COPPER BROWN,0004026100,No
5060474527071,5995 COPPER BROWN,0004026200,No
5060474527057,5993 COPPER BROWN,0004026300,No
5060474527088,5996 COPPER BROWN,0004026400,No
5060474529358,D-70 COGNAC,0004029600,No
5060474529365,D-70 TAUPE,0004029800,No
5060474529372,D-70 NAVY,0004029900,No
5060474529389,D-70 RED,0004030000,No
5060474529396,D-70 YELLOW,0004030100,No
5060474529402,D-70 ORANGE,0004030200,No
5060474529419,D-70 GREEN,0004030300,No
5060474529440,D-71 COGNAC,0004030600,No
5060474529457,D-71 TAUPE,0004030700,No
5060474529464,D-71 NAVY,0004030800,No
5060474529471,D-71 RED,0004030900,No
5060821280284,D-72 COGNAC,0004031200,No
5060821280314,D-72 TAUPE,0004031300,No
5060821280307,D-72 NAVY,0004031400,No
5060821280291,D-72 RED,0004031500,No
5060474529501,D-73 COGNAC,0004031800,No
5060474529518,D-73 TAUPE,0004031900,No
5060474529525,D-73 NAVY,0004032000,No
5060474529532,D-73 RED,0004032100,No
5060474529624,D-75 COGNAC,0004033000,No
5060474529631,D-75 TAUPE,0004033100,No
5060474529648,D-75 NAVY,0004033200,No
5060474529655,D-75 RED,0004033300,No
5060474529686,D-76 COGNAC,0004033600,No
5060474529693,D-76 TAUPE,0004033700,No
5060474529709,D-76 NAVY,0004033800,No
5060474529716,D-76 RED,0004033900,No
5060474529747,D-80 COGNAC,0004034500,No
5060474529754,D-80 TAUPE,0004034600,No
5060474529761,D-80 NAVY,0004034700,No
5060474529778,D-80 RED,0004034800,No
5060474529785,D-80 YELLOW,0004034900,No
5060474529792,D-80 ORANGE,0004035000,No
5060474529808,D-80 GREEN,0004035100,No
5060474529839,D-81 COGNAC,0004035400,No
5060474529846,D-81 TAUPE,0004035500,No
5060474529853,D-81 NAVY,0004035600,No
5060474529860,D-81 RED,0004035700,No
5060474529877,D-81 YELLOW,0004035800,No
5060474529884,D-81 ORANGE,0004035900,No
5060474529891,D-81 GREEN,0004036000,No
5060474529921,D-82 COGNAC,0004036300,No
5060474529938,D-82 TAUPE,0004036400,No
5060474529945,D-82 NAVY,0004036500,No
5060474529952,D-82 RED,0004036600,No
5060474529969,D-82 YELLOW,0004036700,No
5060474529976,D-82 ORANGE,0004036800,No
5060474529983,D-82 GREEN,0004036900,No
5060821280017,D-83 COGNAC,0004037200,No
5060821280024,D-83 TAUPE,0004037300,No
5060821280031,D-83 NAVY,0004037400,No
5060821280048,D-83 RED,0004037500,No
5060821280055,D-83 YELLOW,0004037600,No
5060821280062,D-83 ORANGE,0004037700,No
5060821280079,D-83 GREEN,0004037800,No
5060821280109,D-84 COGNAC,0004038100,No
5060821280116,D-84 TAUPE,0004038200,No
5060821280123,D-84 NAVY,0004038300,No
5060821280130,D-84 RED,0004038400,No
5060821280147,D-84 YELLOW,0004038500,No
5060821280154,D-84 ORANGE,0004038600,No
5060821280161,D-84 GREEN,0004038700,No
5061042990150,708 BROWN M,0004089604,No
5061042990167,708 BROWN L,0004089605,No
5061042990174,708 BROWN XL,0004089606,No
5061042990105,708 BLACK S,0004091103,No
5061042990112,708 BLACK M,0004091104,No
5061042990129,708 BLACK L,0004091105,No
5061042990136,708 BLACK XL,0004091106,No
5061027919862,821 BROWN L,0004092602,No
5061027919879,821 BROWN XL,0004092603,No
5061027919947,775 BLACK S,0004100703,No
5061027919954,775 BLACK M,0004100704,No
5061027919961,775 BLACK L,0004100705,No
5061027919978,775 BLACK XL,0004100706,No
5061027919992,775 TAN M,0004102204,No
5061042990006,775 TAN L,0004102205,No
5061042990013,775 TAN XL,0004102206,No
5060821282097,G-20 GREY,0004133600,No
5060821282103,G-21 GREY,0004133700,No
5060821282110,G-22 GREY,0004133800,No
5060821282127,G-23 GREY,0004133900,No
5060821282134,G-24 GREY,0004134000,No
5060821282141,G-25 GREY,0004134100,No
5060821282158,G-26 GREY,0004134200,No
5060821282165,G-27 GREY,0004134300,No
5060821282172,G-28 GREY,0004134400,No
5060821282189,G-29 GREY,0004134500,No
5060821287191,MADOX DK BROWN,0004134600,No
5060821286743,SAVOY DK BROWN,0004134700,No
5060821282196,G-41 GREY,0004148000,No
5060821282202,G-42 GREY,0004148100,No
5060821282219,G-43 GREY,0004148200,No
5060821287252,C-50 TEAL,0004148400,No
506099970638,C-51 BLACK,0004148900,No
5060821287221,C-54 BLACK,0004149900,No
5060821289188,C-54 TAN,0004150000,No
5060821287214,C-54 TEAL,0004150100,No
5060821287238,C-54 GREEN,0004150200,No
5060999703752,C-55 TAN,0004150400,No
5060999703769,C-55 GREEN,0004150600,No
5060999703783,C-56 GREEN,0004151000,No
5060821282479,W-71 BROWN,0004160600,No
5060821282462,W-71 COGNAC,0004160700,No
5060821282493,W-72 BROWN,0004160800,No
5060821282486,W-72 COGNAC,0004160900,No
5060821282516,W-73 BROWN,0004161000,No
5060821282509,W-73 COGNAC,0004161100,No
5060821282554,W-74 BROWN,0004161200,No
5060821282547,W-74 COGNAC,0004161300,No
5060821282578,W-75 BROWN,0004161400,No
5060821282561,W-75 COGNAC,0004161500,No
5060821282592,W-76 BROWN,0004161600,No
5060821282585,W-76 COGNAC,0004161700,No
5060821282615,W-77 BROWN,0004161800,No
5060821282608,W-77 COGNAC,0004161900,No
5060821282455,W-70 BROWN,0004162000,No
5060821282448,W-70 COGNAC,0004162100,No
5060821282530,W-81 BROWN,0004162200,No
5060821282523,W-81 COGNAC,0004162300,No
5060821282639,W-82 BROWN,0004162400,No
5060821282622,W-82 COGNAC,0004162500,No
5060821282653,W-83 BROWN,0004162600,No
5060821282646,W-83 COGNAC,0004162700,No
5060821282677,W-84 BROWN,0004162800,No
5060821282660,W-84 COGNAC,0004162900,No
5060821282691,W-85 BROWN,0004163000,No
5060821282684,W-85 COGNAC,0004163100,No
5060821283292,GS-1295 BLACK,0004208500,No
5060821283308,GS-1295 BROWN,0004208600,No
5060821283315,GS-1295 CHESTNUT,0004208700,No
5060821283261,GS-1298 BLACK,0004208800,No
5060821283278,GS-1298 BROWN,0004208900,No
5060821283285,GS-1298 CHESTNUT,0004209000,No
5060821288907,MB-102 BLACK 2XL/3XL,0004267500,No
5060821288884,MB-102 BLACK S/M,0004267501,No
5060821288891,MB-102 BLACK L/XL,0004267502,No
5060821288952,MB-102 TAN 2XL/3XL,0004267800,No
5060821288945,MB-102 TAN S/M,0004267801,No
5060821288969,MB-102 TAN L/XL,0004267802,No
5060821288938,MB-102 BROWN 2XL/3XL,0004268100,No
5060821288914,MB-102 BROWN S/M,0004268101,No
5060821288921,MB-102 BROWN L/XL,0004268102,No
5060821289027,MB-107 BLACK 2XL/3XL,0004268400,No
5060821289003,MB-107 BLACK S/M,0004268401,No
5060821289010,MB-107 BLACK L/XL,0004268402,No
5060821289058,MB-107 BROWN 2XL/3XL,0004268700,No
5060821289034,MB-107 BROWN S/M,0004268701,No
5060821289041,MB-107 BROWN L/XL,0004268702,No
5060821289089,MB-107 TAN 2XL/3XL,0004269000,No
5060821289065,MB-107 TAN S/M,0004269001,No
5060821289072,MB-107 TAN L/XL,0004269002,No
5060821289119,MB-109 BLACK 2XL/3XL,0004269300,No
5060821289096,MB-109 BLACK S/M,0004269301,No
5060821289102,MB-109 BLACK L/XL,0004269302,No
5060821289140,MB-109 BROWN 2XL/3XL,0004269600,No
5060821289126,MB-109 BROWN S/M,0004269601,No
5060821289133,MB-109 BROWN L/XL,0004269602,No
5060821289171,MB-109 TAN 2XL/3XL,0004269900,No
5060821289157,MB-109 TAN S/M,0004269901,No
5060821289164,MB-109 TAN L/XL,0004269902,No
5060821285449,J-11 BLACK/LEOPARD,0004282000,No
5060821285463,J-12 BLACK/LEOPARD,0004282400,No
5060821285555,J-15 BLACK,0004283200,No
5060821285562,J-15 MANDARIN,0004283300,No
5060821285531,J-16 BLACK,0004283500,No
5060821285586,J-17 BLACK,0004283700,No
5060821285593,J-17 MANDARIN,0004283900,No
5061027914782,J-51 BLACK,0004284300,No
5060821285616,J-52 BLACK/LEOPARD,0004284800,No
5061027914850,J-53 BLACK,0004285200,No
5061027914942,J-54 BLACK,0004286100,No
5061027915017,J-56 BLACK,0004287900,No
5061027915109,J-57 BLACK,0004288800,No
5061042990198,708 TAN M,0004289704,No
5061042990204,708 TAN L,0004289705,No
5061042990211,708 TAN XL,0004289706,No
5060821288167,L-70 COGNAC,0004313500,No
5060821288174,L-71 COGNAC,0004313600,No
5060821288181,L-73 COGNAC,0004313700,No
5060821288198,L-74 COGNAC,0004313800,No
5060821288204,L-75 COGNAC,0004313900,No
5060821288686,L-76 COGNAC,0004314000,No
5060821288693,L-77 COGNAC,0004314100,No
5061027913211,VIN-8 TAN,0004318000,No
5061027913181,VIN-8 BROWN,0004318200,No
5061027913198,VIN-8 RED,0004318300,No
5061027913204,VIN-8 GREEN,0004318400,No
5061027913266,VIN-11 TAN,0004318500,No
5061027913259,VIN-11 GREEN,0004318700,No
5061027913242,VIN-11 RED,0004318800,No
5061027913235,VIN-11 BROWN,0004318900,No
5061027913136,VIN-18 TAN,0004319000,No
5061027913297,VIN-18 RED,0004319100,No
5061027913129,VIN-18 BROWN,0004319200,No
5061027913280,VIN-18 GREEN,0004319300,No
5061027913150,VIN-22 TAN,0004319400,No
5061027913143,VIN-22 BROWN,0004319500,No
5061027913327,VIN-22 RED,0004319700,No
5061027913174,VIN-26 TAN,0004319800,No
5061027913341,VIN-26 GREEN,0004319900,No
5061027913167,VIN-26 BROWN,0004320000,No
5060821286200,FIN BLACK,0004367700,No
5060821286217,FIN BRANDY,0004367800,No
5060821286224,FIN TAN,0004367900,No
5060821286231,GIN BLACK,0004368000,No
5060821286255,GIN TAN,0004368100,No
5060821286248,GIN BRANDY,0004368200,No
5060821286262,RUBEN BLACK,0004368300,No
5060821286279,RUBEN BRANDY,0004368400,No
5060821286286,RUBEN TAN,0004368500,No
5060821286323,CYRUS BLACK,0004368900,No
5060821286330,CYRUS BRANDY,0004369000,No
5060821286347,CYRUS TAN,0004369100,No
5060821286385,DYLAN BLACK,0004369500,No
5060821286408,DYLAN TAN,0004369600,No
5060821286392,DYLAN BRANDY,0004369700,No
5060821286415,DUFF BLACK,0004369800,No
5060821286422,DUFF BRANDY,0004369900,No
5060821286439,DUFF TAN,0004370000,No
5060821286477,ERWIN BLACK,0004370400,No
5060821286484,ERWIN BRANDY,0004370500,No
5060821286491,ERWIN TAN,0004370600,No
5060821286767,TOBY TWEED,0004372600,No
5060821287184,DOUG TWEED,0004372700,No
5060821286729,LIAM TWEED,0004372800,No
5060821286712,MARCUS TWEED,0004372900,No
5060821286507,G-30 BLACK,0004373500,No
5060821286514,G-30 BRANDY,0004373600,No
5060821286538,G-38 BLACK,0004373800,No
5060821286545,G-38 BRANDY,0004373900,No
5060821284886,S-11 TAN,0004374100,No
5060821284893,S-11 NAVY,0004374200,No
5060821284909,S-11 GREEN,0004374300,No
5060821284916,S-12 TAN,0004374400,No
5060821284923,S-12 NAVY,0004374500,No
5060821284930,S-12 GREEN,0004374600,No
5060821284947,S-13 TAN,0004374700,No
5060821284954,S-13 NAVY,0004374800,No
5060821284961,S-13 GREEN,0004374900,No
5060821285005,S-15 TAN,0004378300,No
5060821285012,S-15 NAVY,0004378400,No
5060821285029,S-15 GREEN,0004378500,No
5060821285036,S-16 TAN,0004378600,No
5060821285043,S-16 NAVY,0004378700,No
5060821285050,S-16 GREEN,0004378800,No
5060821285067,S-17 TAN,0004378900,No
5060821285098,S-20 TAN,0004379000,No
5060821285104,S-20 NAVY,0004379100,No
5060821285111,S-20 GREEN,0004379200,No
5060821285128,S-21 TAN,0004379300,No
5060821285135,S-21 NAVY,0004379400,No
5060821285142,S-21 GREEN,0004379500,No
5060821285081,S-17 GREEN,0004379600,No
5060821285074,S-17 NAVY,0004379700,No
5060821287153,JILL BROWN,0004386000,No
5060821287160,JOULES BROWN,0004386100,No
5060821287177,JACKSON BROWN,0004386200,No
5060821286682,G-39 BLACK,0004392400,No
5060821286699,G-39 BRANDY,0004392600,No
5060821285821,D-77 BLACK,0004416700,No
5060821285814,D-77 NAVY,0004416900,No
5060821285807,D-77 COGNAC,0004417000,No
5060821285852,D-77 TAUPE,0004417100,No
5060821285869,D-77 RED,0004417400,No
5060821288600,L-71 BLACK,0004418700,No
5060821288617,L-71 BRANDY,0004418800,No
5060821288662,L-75 BLACK,0004418900,No
5060821288679,L-75 BRANDY,0004419000,No
5060821288648,L-74 BLACK,0004419100,No
5060821288655,L-74 BRANDY,0004419200,No
5060821288624,L-73 BLACK,0004419300,No
5060821288631,L-73 BRANDY,0004419400,No
5060821288587,L-70 BLACK,0004419500,No
5060821288594,L-70 BRANDY,0004419600,No
5060821288068,LOU BROWN,0004470900,No
5061027913310,VIN-22 GREEN,0004473000,No
5061027913358,VIN-26 RED,0004473100,No
5060821287726,M-05 BLACK,0004516200,No
5060821287719,M-05 COGNAC,0004516300,No
5060821289676,T-71 BLACK,0004525900,No
5060999702892,T-71 HONEY,0004526200,No
5060821289690,T-72 BLACK,0004526300,No
5060999702908,T-72 HONEY,0004526500,No
5060821289713,T-73 BLACK,0004526600,No
5060999702915,T-73 HONEY,0004526800,No
5060821289737,T-74 BLACK,0004526900,No
5060999702922,T-74 HONEY,0004527100,No
5060821289751,T-75 BLACK,0004527200,No
5060999702939,T-75 HONEY,0004527400,No
5060821289775,T-76 BLACK,0004527500,No
5060999702946,T-76 HONEY,0004527700,No
5060821289799,T-77 BLACK,0004527800,No
5060999702953,T-77 HONEY,0004528000,No
5060821289812,T-78 BLACK,0004528100,No
5060999702960,T-78 HONEY,0004528300,No
5060999701024,A6 BOOK COVER TAN,0004529500,No
5060999701017,A5 BOOK COVER TAN,0004529700,No
5060999703851,Z-70 BLACK,0004595800,No
5060999703875,Z-70 GREEN,0004595900,No
5060999703882,Z-70 TAN,0004596000,No
5060999703868,Z-70 WINE,0004596100,No
5060999703899,Z-71 BLACK,0004596200,No
5060999703912,Z-71 GREEN,0004596300,No
5060999703929,Z-71 TAN,0004596400,No
5060999703905,Z-71 WINE,0004596500,No
5060999703936,Z-72 BLACK,0004596600,No
5060999703943,Z-72 GREEN,0004596700,No
5060999703950,Z-72 TAN,0004596800,No
5060999703967,Z-72 WINE,0004596900,No
5060999703974,Z-73 BLACK,0004597000,No
5060999703998,Z-73 GREEN,0004597100,No
5060999704001,Z-73 TAN,0004597200,No
5060999703981,Z-73 WINE,0004597300,No
5060999704018,Z-74 BLACK,0004597400,No
5060999704032,Z-74 GREEN,0004597500,No
5060999704049,Z-74 TAN,0004597600,No
5060999704025,Z-74 WINE,0004597700,No
5060999704056,Z-75 BLACK,0004597800,No
5060999704070,Z-75 GREEN,0004597900,No
5060999704087,Z-75 TAN,0004598000,No
5060999704063,Z-75 WINE,0004598100,No
5060999704094,Z-76 BLACK,0004598200,No
5060999704117,Z-76 GREEN,0004598300,No
5060999704124,Z-76 TAN,0004598400,No
5060999704100,Z-76 WINE,0004598500,No
5060999704131,Z-77 BLACK,0004599000,No
5060999704155,Z-77 GREEN,0004599100,No
5060999704162,Z-77 TAN,0004599200,No
5060999704148,Z-77 WINE,0004599300,No
5060999704179,Z-78 BLACK,0004599400,No
5060999704193,Z-78 GREEN,0004599500,No
5060999704209,Z-78 TAN,0004599600,No
5060999704186,Z-78 WINE,0004599700,No
5060999704216,Z-79 BLACK,0004599800,No
5060999704230,Z-79 GREEN,0004599900,No
5060999704247,Z-79 TAN,0004600000,No
5060999704223,Z-79 WINE,0004600100,No
5060999701543,ROW BROWN,0004600400,No
5060999701536,ROW TAN,0004600500,No
5060999701529,AUSTIN BROWN,0004600600,No
5060999701512,AUSTIN TAN,0004600700,No
5060999701468,DAVID BROWN,0004600800,No
5060999701451,DAVID TAN,0004600900,No
5060999701482,DEAN BROWN,0004601000,No
5060999701475,DEAN TAN,0004601100,No
5060999701505,DOM BROWN,0004601200,No
5060999701499,DOM TAN,0004601300,No
5060999701444,TOMMY BROWN,0004601400,No
5060999701437,TOMMY TAN,0004601500,No
5060999703257,M-75 BLACK,0004601700,No
5060999703240,M-75 COGNAC,0004601800,No
5060999703295,M-77 BLACK,0004601900,No
5060999703288,M-77 COGNAC,0004602000,No
5061027910074,8145 BLACK,0004754600,No
5061027910357,K-50 BLACK,0004754700,No
5060999705725,K-50 BROWN,0004754800,No
5060999705473,G-20 RED,0004761600,No
5060999705480,G-23 RED,0004761700,No
5060999705510,G-27 RED,0004761800,No
5060999705497,G-24 RED,0004761900,No
5060999705503,G-25 RED,0004762000,No
5060999702069,ADRIAN OILY BROWN,0004762100,No
5061027912085,LB-301 BLACK S,0004771103,No
5061027912092,LB-301 BLACK M,0004771104,No
5061027912108,LB-301 BLACK L,0004771105,No
5061027912122,LB-301 BROWN S,0004772603,No
5061027912115,LB-301 BROWN M,0004772604,No
5061027912139,LB-301 BROWN L,0004772605,No
5061027912146,LB-301 CHESTNUT S,0004774103,No
5061027912153,LB-301 CHESTNUT M,0004774104,No
5061027912160,LB-301 CHESTNUT L,0004774105,No
5061027912177,LB-301 NAVY S,0004775603,No
5061027912184,LB-301 NAVY M,0004775604,No
5061027912191,LB-301 NAVY L,0004775605,No
5061027912207,LB-301 TAN S,0004777103,No
5061027912214,LB-301 TAN M,0004777104,No
5061027912221,LB-301 TAN L,0004777105,No
5060999705695,K-48 CHESTNUT,0004787400,No
5060999705688,K-48 BROWN,0004787600,No
5060999705640,K-46 BROWN,0004787800,No
5060999705657,K-46 CHESTNUT,0004787900,No
5060999705527,K-40 BROWN,0004788100,No
5060999705534,K-40 CHESTNUT,0004788200,No
5060999705626,K-45 BROWN,0004788400,No
5060999705633,K-45 CHESTNUT,0004788500,No
5060999705701,K-49 BROWN,0004788700,No
5060999705718,K-49 CHESTNUT,0004788800,No
5060999705602,K-44 BROWN,0004789000,No
5060999705619,K-44 CHESTNUT,0004789100,No
5060999705565,K-42 BROWN,0004796900,No
5060999705572,K-42 CHESTNUT,0004797000,No
5060999705541,K-41 BROWN,0004797300,No
5060999705558,K-41 CHESTNUT,0004797400,No
5060999705589,K-43 BROWN,0004797600,No
5060999705596,K-43 CHESTNUT,0004797700,No
5060999705664,K-47 BROWN,0004797900,No
5060999705671,K-47 CHESTNUT,0004798000,No
5060999702052,CURTIS OILY BROWN,0004798100,No
5060999702076,PETER OILY BROWN,0004798200,No
5060999701109,5995 TAN,0004804300,No
5060999701062,5993 TAN,0004804500,No
5060999701048,5991 TAN,0004804700,No
5060999705442,GS-1234 BLACK,0004804800,No
5060999705459,GS-1234 BROWN,0004804900,No
5060999705466,GS-1234 CHESTNUT,0004805000,No
5060999704414,GS-1280 BLACK,0004805400,No
5060999704421,GS-1280 BROWN,0004805500,No
5060999704438,GS-1280 CHESTNUT,0004805600,No
5060999701123,5996 TAN,0004806200,No
5060999703233,T-90 BLACK,0004824100,No
5060999703219,T-90 CHESTNUT,0004824200,No
5060999703226,T-90 HONEY,0004824300,No
5060999702991,T-80 BLACK,0004824400,No
5060999702977,T-80 CHESTNUT,0004824500,No
5060999702984,T-80 HONEY,0004824600,No
5060999703028,T-81 BLACK,0004824700,No
5060999703004,T-81 CHESTNUT,0004824800,No
5060999703011,T-81 HONEY,0004824900,No
5060999703059,T-82 BLACK,0004825000,No
5060999703035,T-82 CHESTNUT,0004825100,No
5060999703042,T-82 HONEY,0004825200,No
5060999703080,T-83 BLACK,0004825300,No
5060999703066,T-83 CHESTNUT,0004825400,No
5060999703073,T-83 HONEY,0004825500,No
5060999703110,T-84 BLACK,0004825600,No
5060999703097,T-84 CHESTNUT,0004825700,No
5060999703103,T-84 HONEY,0004825800,No
5060999703158,T-86 BLACK,0004825900,No
5060999703134,T-86 CHESTNUT,0004826000,No
5060999703141,T-86 HONEY,0004826100,No
5060999703202,T-89 BLACK,0004826200,No
5060999703189,T-89 CHESTNUT,0004826300,No
5060999703196,T-89 HONEY,0004826400,No
5060999703172,T-87 BLACK,0004826500,No
5060999703127,T-87 CHESTNUT,0004826600,No
5060999703165,T-87 HONEY,0004826700,No
5060821287702,M-70 BLACK,0004843800,No
5060821287696,M-70 COGNAC,0004843900,No
5060999703271,M-76 BLACK,0004844000,No
5060999703264,M-76 COGNAC,0004844100,No
5061042992024,AMJ-3 BLACK S,0004904703,No
5061042992031,AMJ-3 BLACK M,0004904704,No
5061042992048,AMJ-3 BLACK L,0004904705,No
5061042992055,AMJ-3 BLACK XL,0004904706,No
5061042992062,AMJ-3 BLACK 2XL,0004904707,No
5061042992079,AMJ-3 BLACK 3XL,0004904708,No
5061042992086,AMJ-3 COGNAC S,0004906203,No
5061042992093,AMJ-3 COGNAC M,0004906204,No
5061042992109,AMJ-3 COGNAC L,0004906205,No
5061042992116,AMJ-3 COGNAC XL,0004906206,No
5061042992123,AMJ-3 COGNAC 2XL,0004906207,No
5061042992130,AMJ-3 COGNAC 3XL,0004906208,No
5061042992208,AMJ-4 BLACK S,0004907703,No
5061042992215,AMJ-4 BLACK M,0004907704,No
5061042992222,AMJ-4 BLACK L,0004907705,No
5061042992239,AMJ-4 BLACK XL,0004907706,No
5061042992246,AMJ-4 BLACK 2XL,0004907707,No
5061042992253,AMJ-4 BLACK 3XL,0004907708,No
5061042992260,AMJ-4 COGNAC S,0004909203,No
5061042992277,AMJ-4 COGNAC M,0004909204,No
5061042992284,AMJ-4 COGNAC L,0004909205,No
5061042992291,AMJ-4 COGNAC XL,0004909206,No
5061042992307,AMJ-4 COGNAC 2XL,0004909207,No
5061042992314,AMJ-4 COGNAC 3XL,0004909208,No
5061042992383,AMJ-5 BLACK S,0004910703,No
5061042992390,AMJ-5 BLACK M,0004910704,No
5061042992406,AMJ-5 BLACK L,0004910705,No
5061042992413,AMJ-5 BLACK XL,0004910706,No
5061042992420,AMJ-5 BLACK 2XL,0004910707,No
5061042992437,AMJ-5 BLACK 3XL,0004910708,No
5061042992444,AMJ-5 COGNAC S,0004912203,No
5061042992451,AMJ-5 COGNAC M,0004912204,No
5061042992468,AMJ-5 COGNAC L,0004912205,No
5061042992475,AMJ-5 COGNAC XL,0004912206,No
5061042992482,AMJ-5 COGNAC 2XL,0004912207,No
5061042992499,AMJ-5 COGNAC 3XL,0004912208,No
5061042992796,AMJ-8 BLACK S,0004913703,No
5061042992802,AMJ-8 BLACK M,0004913704,No
5061042992819,AMJ-8 BLACK L,0004913705,No
5061042992826,AMJ-8 BLACK XL,0004913706,No
5061042992833,AMJ-8 BLACK 2XL,0004913707,No
5061042992840,AMJ-8 BLACK 3XL,0004913708,No
5061042992857,AMJ-8 COGNAC S,0004915203,No
5061042992864,AMJ-8 COGNAC M,0004915204,No
5061042992871,AMJ-8 COGNAC L,0004915205,No
5061042992888,AMJ-8 COGNAC XL,0004915206,No
5061042992895,AMJ-8 COGNAC 2XL,0004915207,No
5061042992901,AMJ-8 COGNAC 3XL,0004915208,No
5061042992970,AMJ-9 BLACK S,0004916703,No
5061042992987,AMJ-9 BLACK M,0004916704,No
5061042992994,AMJ-9 BLACK L,0004916705,No
5061042993007,AMJ-9 BLACK XL,0004916706,No
5061042993014,AMJ-9 BLACK 2XL,0004916707,No
5061042993021,AMJ-9 BLACK 3XL,0004916708,No
5061042993038,AMJ-9 COGNAC S,0004918203,No
5061042993045,AMJ-9 COGNAC M,0004918204,No
5061042993052,AMJ-9 COGNAC L,0004918205,No
5061042993069,AMJ-9 COGNAC XL,0004918206,No
5061042993076,AMJ-9 COGNAC 2XL,0004918207,No
5061042993083,AMJ-9 COGNAC 3XL,0004918208,No
5061042992567,AMJ-6 BLACK S,0004919703,No
5061042992574,AMJ-6 BLACK M,0004919704,No
5061042992581,AMJ-6 BLACK L,0004919705,No
5061042992598,AMJ-6 BLACK XL,0004919706,No
5061042992604,AMJ-6 BLACK 2XL,0004919707,No
5061042992611,AMJ-6 BLACK 3XL,0004919708,No
5061042992628,AMJ-6 COGNAC S,0004921203,No
5061042992635,AMJ-6 COGNAC M,0004921204,No
5061042992642,AMJ-6 COGNAC L,0004921205,No
5061042992659,AMJ-6 COGNAC XL,0004921206,No
5061042992666,AMJ-6 COGNAC 2XL,0004921207,No
5061042992673,AMJ-6 COGNAC 3XL,0004921208,No
5061042992147,AMJ-3 DARK BROWN S,0004959403,No
5061042992154,AMJ-3 DARK BROWN M,0004959404,No
5061042992161,AMJ-3 DARK BROWN L,0004959405,No
5061042992178,AMJ-3 DARK BROWN XL,0004959406,No
5061042992185,AMJ-3 DARK BROWN 2XL,0004959407,No
5061042992192,AMJ-3 DARK BROWN 3XL,0004959408,No
5061042992321,AMJ-4 DARK BROWN S,0004960903,No
5061042992345,AMJ-4 DARK BROWN L,0004960905,No
5061042992352,AMJ-4 DARK BROWN XL,0004960906,No
5061042992369,AMJ-4 DARK BROWN 2XL,0004960907,No
5061042992376,AMJ-4 DARK BROWN 3XL,0004960908,No
5061042993090,AMJ-9 DARK BROWN S,0004962403,No
5061042993113,AMJ-9 DARK BROWN L,0004962405,No
5061042993120,AMJ-9 DARK BROWN XL,0004962406,No
5061042993137,AMJ-9 DARK BROWN 2XL,0004962407,No
5061042993144,AMJ-9 DARK BROWN 3XL,0004962408,No
5061042992734,AMJ-6 DARK BROWN S,0004963903,No
5061042992758,AMJ-6 DARK BROWN L,0004963905,No
5061042992765,AMJ-6 DARK BROWN XL,0004963906,No
5061042992772,AMJ-6 DARK BROWN 2XL,0004963907,No
5061042992789,AMJ-6 DARK BROWN 3XL,0004963908,No
5061042992505,AMJ-5 DARK BROWN S,0004965403,No
5061042992529,AMJ-5 DARK BROWN L,0004965405,No
5061042992536,AMJ-5 DARK BROWN XL,0004965406,No
5061042992543,AMJ-5 DARK BROWN 2XL,0004965407,No
5061042992550,AMJ-5 DARK BROWN 3XL,0004965408,No
5061042992734,AMJ-8 DARK BROWN S,0004966903,No
5061042992758,AMJ-8 DARK BROWN L,0004966905,No
5061042992765,AMJ-8 DARK BROWN XL,0004966906,No
5061042992772,AMJ-8 DARK BROWN 2XL,0004966907,No
5061042992789,AMJ-8 DARK BROWN 3XL,0004966908,No
5060999705732,K-50 CHESTNUT,,No
5060821289669,T-71 CHESTNUT,,No
5060821289683,T-72 CHESTNUT,,No
5060821289706,T-73 CHESTNUT,,No
5060821289720,T-74 CHESTNUT,,No
5060821289744,T-75 CHESTNUT,,No
5060821289768,T-76 CHESTNUT,,No
5060821289782,T-77 CHESTNUT,,No
5060821289805,T-78 CHESTNUT,,No
5060999701567,SAVILLE BROWN,,No
5060999701550,SAVILLE TAN,,No
5060999702083,JONES OILY BROWN,,No
5060821282370,11319 TORNADO BROWN,,No
5060821288709,79014 TORNADO BROWN,,No
5060474524254,WALTER TORNADO BROWN,,No
5060474524285,TOBY TORNADO BROWN,,No
5060474524292,DOUG TORNADO BROWN,,No
5060474524261,KANE TORNADO BROWN,,No
5060474524230,LIAM TORNADO BROWN,,No
5060474524247,MARCUS TORNADO BROWN,,No
5060821287177,JACKSON TORNADO BROWN,,No
5060821287153,JILL TORNADO BROWN,,No
5060821287160,JOULES TORNADO BROWN,,No
5060821286835,DR. BAG TORNADO BROWN,,No
5060821288068,LOU TORNADO BROWN,,No
5060821286811,EDWARD TORNADO BROWN,,No
5060821286743,SAVOY TORNADO BROWN,,No
5060821286736,MADDOX TORNADO BROWN,,No
5060474523639,GLADSTONE TORNADO BROWN,,No
5060821288747,SAVOY BROWN TWEED,,No
5060821288723,MADDOX BROWN TWEED,,No
5060821286781,DR. BAG BROWN TWEED,,No
5060821287184,DOUG BROWN TWEED,,No
5060821286767,TOBY BROWN TWEED,,No
5060821286729,LIAM BROWN TWEED,,No
5060821286712,MARCUS BROWN TWEED,,No
5060821288716,SAVOY BRANDY ,,No
5060821288730,MADOX BRANDY ,,No
5060821282394,MADOX TAN,,No
5060821286842,DR. BAG BRANDY,,No
5060821286774,DR. BAG DK BROWN,,No
5060821286828,DR. BAG TAN,,No
5060474524469,HARPER BRANDY BROWN,,No
5060474524575,DEXTER BRANDY BROWN,,No
5060474524452,RUDY BRANDY BROWN,,No
5060474525312,ELLIOT BLACK ,,No
5060474525305,ELLIOT TAN ,,No
5060474525299,OSCAR BLACK ,,No
5060474525282,OSCAR TAN ,,No
5060474525350,FRANCIS BLACK ,,No
5060474525343,FRANCIS TAN ,,No
5060474525374,PHIL BLACK ,,No
5060474525367,PHIL TAN ,,No
5060474525275,JACK BLACK ,,No
5060474525268,JACK TAN ,,No
5060474525336,HARVEY BLACK ,,No
5060474525329,HARVEY TAN ,,No
5060474526463,4551 BLACK ,,No
5060474526470,4551 TAN ,,No
5060474526487,4552 BLACK ,,No
5060474526494,4552 TAN ,,No
5060474526500,4553 BLACK ,,No
5060474526517,4553 TAN ,,No
5060474526524,4554 BLACK ,,No
5060474526531,4554 TAN ,,No
5060474521567,4555 BLACK ,,No
5060474521574,4555 TAN ,,No
5060474526548,4556 BLACK ,,No
5060474526555,4556 TAN ,,No
5060474526562,4557 BLACK ,,No
5060474526579,4557 TAN ,,No
5060474526654,G-31 BRANDY BROWN,,No
5060474526777,G-36 BRANDY BROWN,,No
5060821280239,G-37 BRANDY BROWN,,No
5060821286545,G-38 BRANDY BROWN,,No
5060821286699,G-39 BRANDY BROWN,,No
5060474524216,CHARLES CHESTNUT ,,No
5060474523912,CHARLES BROWN  ,,No
5060474525381,FRED VINTAGE TAN ,,No
5060474525404,ED VINTAGE TAN ,,No
5060821282905,NOAH VINTAGE TAN ,,No
5060474525398,PERRY VINTAGE TAN ,,No
5060821282929,ADAM VINTAGE TAN ,,No
5060474525893,ROBIN VINTAGE TAN ,,No
5060821282875,RALPH VINTAGE TAN ,,No
5060821282882,LAUREN VINTAGE TAN ,,No
5060821282912,OLIVER VINTAGE TAN ,,No
5060474525411,SEB VINTAGE TAN ,,No
5060821282370,11319 CHESTNUT ,,No
5060821288785,79014 CHESTNUT ,,No
5060821288792,89149 BLACK,,No
5060821288808,89149 CHESTNUT ,,No
5060821289560,89150A BLACK,,No
5060821289553,89150A CHESTNUT ,,No
5060474520300,89151 BLACK,,No
5060821288822,89151 CHESTNUT ,,No
5060474524360,HENRY MUD,,No
5060474524421,7010 MUD,,No
5060821282448,W-70 TAN,,No
5060821282462,W-71 TAN,,No
5060821282486,W-72 TAN,,No
5060821282509,W-73 TAN,,No
5060821282547,W-74 TAN,,No
5060821282585,W-76 TAN,,No
5060821282608,W-77 TAN,,No
5060821282523,W-81 TAN,,No
5060821282622,W-82 TAN,,No
5060821282646,W-83 TAN,,No
5060821282660,W-84 TAN,,No
5060821282684,W-85 TAN,,No
5060474526593,1661 CHESTNUT,,No
5060474526609,1662 CHESTNUT,,No
5060474526616,1663 CHESTNUT,,No
5060821282899,1666 CHESTNUT,,No
5060474526630,1667 CHESTNUT,,No
5060474527453,1411 C BLACK,,No
5060474527460,1411 C BROWN,,No
5060474527477,1411 C TAN,,No
5060474527514,1415 C BLACK,,No
5060474527521,1415 C BROWN,,No
5060474527538,1415 C TAN,,No
5060474527545,1416 C BLACK,,No
5060474527552,1416 C BROWN,,No
5060474527569,1416 C TAN,,No
5060474527576,1417 C BLACK,,No
5060474527583,1417 C BROWN,,No
5060474527590,1417 C TAN,,No
5060474526296,8341 BROWN ,,No
5060474526302,8341 TAN ,,No
5060474526326,8342 BROWN ,,No
5060474526333,8342 TAN ,,No
5060474526357,8343 BROWN ,,No
5060474526364,8343 TAN ,,No
5060474527637,1211 VT BLACK,,No
5060474527644,1211 VT BROWN,,No
5060474527651,1211 VT TAN,,No
5060474527668,1222 VT BLACK,,No
5060474527675,1222 VT BROWN,,No
5060474527682,1222 VT TAN,,No
5060474527699,1246 VT BLACK,,No
5060474527705,1246 VT BROWN,,No
5060474527712,1246 VT TAN,,No
5060474527729,1258 VT BLACK,,No
5060474527736,1258 VT BROWN,,No
5060474527743,1258 VT TAN,,No
5060999704384,1275 VT BLACK ,,No
5060999704391,1275 VT BROWN,,No
5060999704407,1275 VT TAN,,No
5060474527804,1290 VT BLACK ,,No
5060474527798,1290 VT BROWN,,No
5060474527781,1290 VT TAN,,No
5060474527811,1293 VT BLACK,,No
5060474527828,1293 VT BROWN,,No
5060474527835,1293 VT TAN,,No
5060821283964,GS-1250 M/L BLACK,,No
5060821283971,GS-1250 L/XL BLACK,,No
5060821283988,GS-1250 M/L BROWN,,No
5060821283995,GS-1250 L/XL BROWN,,No
5060821283940,GS-1250 M/L CHESTNUT,,No
5060821283957,GS-1250 L/XL CHESTNUT,,No
5061027919534,MB-102 S/M NAVY,,No
5061027919541,MB-102 L/XL NAVY,,No
5061027919558,MB-102 2XL/3XL NAVY,,No
5060821288884,MB-102 S/M BLACK,,No
5060821288891,MB-102 L/XL BLACK,,No
5060821288907,MB-102 2XL/3XL BLACK,,No
5060821288914,MB-102 S/M BROWN,,No
5060821288921,MB-102 L/XL BROWN,,No
5060821288938,MB-102 2XL/3XL BROWN,,No
5060821288945,MB-102 S/M TAN,,No
5060821288969,MB-102 L/XL TAN,,No
5060821288952,MB-102 2XL/3XL TAN,,No
5061027919565,MB-107 S/M NAVY ,,No
5061027919572,MB-107 L/XL NAVY,,No
5061027919589,MB-107 2XL/3XL NAVY,,No
5060821289003,MB-107 S/M BLACK,,No
5060821289010,MB-107 L/XL BLACK,,No
5060821289027,MB-107 2XL/3XL BLACK,,No
5060821289034,MB-107 S/M BROWN,,No
5060821289041,MB-107 L/XL BROWN,,No
5060821289058,MB-107 2XL/3XL BROWN,,No
5060821289065,MB-107 S/M TAN,,No
5060821289072,MB-107 L/XL TAN,,No
5060821289089,MB-107 2XL/3XL TAN,,No
5061027919596,MB-109 S/M NAVY,,No
5061027919602,MB-109 L/XL NAVY,,No
5061027919619,MB-109 2XL/3XL NAVY,,No
5060821289096,MB-109 S/M BLACK,,No
5060821289102,MB-109 L/XL BLACK,,No
5060821289119,MB-109 2XL/3XL BLACK,,No
5060821289126,MB-109 S/M BROWN,,No
5060821289133,MB-109 L/XL BROWN,,No
5060821289140,MB-109 2XL/3XL BROWN,,No
5060821289157,MB-109 S/M TAN ,,No
5060821289164,MB-109 L/XL TAN,,No
5060821289171,MB-109 2XL/3XL TAN,,No
5060999701093,5995 BRANDY ,,No
5060999701116,5996 BRANDY ,,No
5060999700942,A4 BOOK COVER COPPER BROWN,,No
5060999700973,A4 BOOK COVER BRANDY ,,No
5060999701000,A4 BOOK COVER TAN,,No
5060999700980,A5 BOOK COVER BRANDY ,,No
5060999700997,A6 BOOK COVER BRANDY ,,No
5061027919626,5998 COPPER BROWN,,No
5061027919633,5998 BRANDY ,,No
5061027919640,5998 TAN,,No
5061027919657,5999 COPPER BROWN,,No
5061027919664,5999 BRANDY ,,No
5061027919671,5999 TAN,,No
5060999701031,5991 BRANDY ,,No
5060999701055,5993 BRANDY ,,No
5060999701079,5994 BRANDY ,,No
5060999701086,5994 TAN,,No
5061027919763,710 TAN S ,,No
5061027919848,821 BROWN S ,,No
5061027919855,821 BROWN M ,,No
5061027919985,775 TAN S ,,No
5061042990143,708 BROWN S ,,No
5061042990181,708 TAN S ,,No
5061042990303,799 BLACK S,,No
5061042990310,799 BLACK M,,No
5061042990327,799 BLACK L,,No
5061042990334,799 BLACK XL,,No
5061042990341,799 BROWN S,,No
5061042990358,799 BROWN M,,No
5061042990365,799 BROWN L,,No
5061042990372,799 BROWN XL,,No
5061042990389,799 KHAKI S,,No
5061042990396,799 KHAKI M,,No
5061042990402,799 KHAKI L,,No
5061042990419,799 KHAKI XL,,No
5061042990501,VIN-37 GREEN,,No
5061042990518,VIN-37 TAN,,No
5061042990532,VIN-39 GREEN,,No
5061042990525,VIN-39 TAN,,No
5061027913228,VIN-8 BLUE,,No
5061027913273,VIN-11 BLUE,,No
5061027913303,VIN-18 BLUE,,No
5061027913150,VIN-22 TAN ,,No
5061027913334,VIN-22 BLUE,,No
5061027913365,VIN-26 BLUE,,No
5060821287733,APRON 1 MUD BROWN,,No
5060821287740,APRON 2 MUD BROWN,,No
5060821287757,APRON 3 MUD BROWN,,No
5060821287764,APRON 4 MUD BROWN,,No
5061042992338,AMJ-4 DARK BROWN M ,,No
5061042992512,AMJ-5 DARK BROWN M ,,No
5061042992741,AMJ-6 DARK BROWN M ,,No
5061042992741,AMJ-8 DARK BROWN M ,,No
5061042993106,AMJ-9 DARK BROWN M ,,No
5061042990709,1895 TAN 2XL ,,No
5061042990846,2101 TAN S ,,No
5061042990884,2101 TAN 2XL ,,No
5061042991263,KE-007 TOBACCO S,,No
5061042991270,KE-007 TOBACCO M,,No
5061042991287,KE-007 TOBACCO L,,No
5061042991294,KE-007 TOBACCO XL,,No
5061042991300,KE-007 TOBACCO 2XL,,No
5061042991317,KE-007 TOBACCO 3XL,,No
5061042991324,KE-007 TAN S,,No
5061042991331,KE-007 TAN M,,No
5061042991348,KE-007 TAN L,,No
5061042991355,KE-007 TAN XL,,No
5061042991362,KE-007 TAN 2XL,,No
5061042991379,KE-007 TAN 3XL,,No
5061042991508,KE-98 TOBACCO S,,No
5061042991515,KE-98 TOBACCO M,,No
5061042991522,KE-98 TOBACCO L,,No
5061042991539,KE-98 TOBACCO XL,,No
5061042991546,KE-98 TOBACCO 2XL,,No
5061042991553,KE-98 TOBACCO 3XL,,No
5061042991560,KE-98 TAN S,,No
5061042991577,KE-98 TAN M,,No
5061042991584,KE-98 TAN L,,No
5061042991591,KE-98 TAN XL,,No
5061042991607,KE-98 TAN 2XL,,No
5061042991614,KE-98 TAN 3XL,,No
5061042991782,KE-184 BROWN/CREAM S,,No
5061042991799,KE-184 BROWN/CREAM M,,No
5061042991805,KE-184 BROWN/CREAM L,,No
5061042991812,KE-184 BROWN/CREAM XL,,No
5061042991829,KE-184 BROWN/CREAM 2XL,,No
5061042991836,KE-184 BROWN/CREAM 3XL,,No
5061042991843,KE-72 TAN S,,No
5061042991850,KE-72 TAN M,,No
5061042991867,KE-72 TAN L,,No
5061042991874,KE-72 TAN XL,,No
5061042991881,KE-72 TAN 2XL,,No
5061042991898,KE-72 TAN 3XL,,No
5061042991904,KE-72 PIERRE CARDIN S,,No
5061042991911,KE-72 PIERRE CARDIN M,,No
5061042991928,KE-72 PIERRE CARDIN L,,No
5061042991935,KE-72 PIERRE CARDIN XL,,No
5061042991942,KE-72 PIERRE CARDIN 2XL,,No
5061042991959,KE-72 PIERRE CARDIN 3XL,,No
5061042991966,KE-72 GREY S,,No
5061042991973,KE-72 GREY M,,No
5061042991980,KE-72 GREY L,,No
5061042991997,KE-72 GREY XL,,No
5061042992000,KE-72 GREY 2XL,,No
5061042992017,KE-72 GREY 3XL,,No
5061049604111,LF-168 ,,No
5061049604128,LF-169 ,,No
5061049604197,LF-175 ,,No
5061049604203,LF-176 ,,No
5061049604210,LF-177 ,,No
5061049604227,LF-178 ,,No
5061049604234,LF-179 ,,No
5061049604241,LF-180 ,,No
5061049604258,LF-181 ,,No
5061049604265,LF-182 ,,No
5061049604272,LF-183 ,,No
5061049604357,LF-190 ,,No
5061049604364,LF-191 ,,No
, ,,No
5060821282370,11319 BROWN,,No
5060474524094,2012 BROWN,,No
5060474524544,2012 CHESTNUT,,No
5060474524025,2080 BLACK,,No
5060474524018,2080 CHESTNUT,,No
5061027912986,401 GREY L,,No
5061027912979,401 GREY M,,No
5061027912962,401 GREY S,,No
5060474526500,4553 BLACK,,No
5060474526517,4553 TAN,,No
5060474526524,4554 BLACK,,No
5060474526531,4554 TAN,,No
5060474521567,4555 BLACK,,No
5060474521574,4555 TAN,,No
5060474526555,4556 TAN,,No
5060474526562,4557 BLACK,,No
5060474526579,4557 TAN,,No
5060821288877,7998 BROWN,,No
5060474526012,8141 TAN,,No
5060474525923,8142 BROWN,,No
5060474525947,8144 BROWN,,No
5060474526043,8144 TAN,,No
5060474525954,8145 BROWN,,No
5060474526074,8147 TAN,,No
5060474525992,8150 BROWN,,No
5060474526098,8150 TAN,,No
5060474523950,8190 BLACK,,No
5060474523943,8190 CHESTNUT,,No
5060474523981,8190 COGNAC,,No
5060474526180,8341 BLACK,,No
5060474526296,8341 BROWN,,No
5060474526302,8341 TAN,,No
5060474526319,8342 BLACK,,No
5060474526326,8342 BROWN,,No
5060474526333,8342 TAN,,No
5060474526340,8343 BLACK,,No
5060474526357,8343 BROWN,,No
5060474526364,8343 TAN,,No
5060999700973,A4-BOOK-COVER BRANDY,,No
5060999700942,A4-BOOK-COVER COPPER-BRN,,No
5060999701000,A4-BOOK-COVER TAN,,No
5060474524537,A4ZIPFOLDER BLACK,,No
5060999700980,A5-BOOK-COVER BRANDY,,No
5060999700959,A5-BOOK-COVER COPPER-BRN,,No
5060999701017,A5-BOOK-COVER TAN,,No
5060999700997,A6-BOOK-COVER BRANDY,,No
5060999700966,A6-BOOK-COVER COPPER-BRN,,No
5060999701024,A6-BOOK-COVER TAN,,No
5060821282929,ADAM TAN,,No
5060821286293,AGNES BLACK,,No
5060821286309,AGNES BRANDY,,No
5060821286316,AGNES TAN,,No
5060474524315,ALBERT CHESTNUT,,No
5060474524377,ALBERT MUD,,No
5060821287733,APRON-01 BROWN,,No
5060821287740,APRON-02 BROWN,,No
5060821287757,APRON-03 BROWN,,No
5060821287764,APRON-04 BROWN,,No
5060474524063,BENJAMIN BROWN,,No
5060474524308,BENJAMIN CHESTNUT,,No
5060821287399,C-05 BLACK,,No
5060821287375,C-05 BORDO,,No
5060821287405,C-05 GREEN,,No
5060821288570,C-05 TAN,,No
5060821287382,C-05 TEAL,,No
5060821287245,C-50 BORDO,,No
5060821287207,C-54 BORDO,,No
5060999703745,C-55 BORDO,,No
5060999703776,C-56 BORDO,,No
5060999704698,C-99 BLACK L,,No
5060999704681,C-99 BLACK M,,No
5060999704674,C-99 BLACK S,,No
5060999704766,C-99 BORDO L,,No
5060999704759,C-99 BORDO M,,No
5060999704742,C-99 BORDO S,,No
5060999704827,C-99 GREEN L,,No
5060999704810,C-99 GREEN M,,No
5060999704803,C-99 GREEN S,,No
5060999704797,C-99 TAN L,,No
5060999704780,C-99 TAN M,,No
5060999704773,C-99 TAN S,,No
5060999704728,C-99 TEAL L,,No
5060999704711,C-99 TEAL M,,No
5060999704704,C-99 TEAL S,,No
5061027912016,CB-3 BLACK,,No
5061027912023,CB-3 BORDEAUX,,No
5061027912030,CB-3 CARVET-GREEN,,No
5061027912054,CB-3 NAVY,,No
5061027912061,CB-3 ORANGE,,No
5061027912047,CB-3 TAN,,No
5060474523912,CHARLES BROWN,,No
5060474524216,CHARLES CHESTNUT,,No
5060999705039,D-10W COGNAC,,No
5060999705091,D-10W D-BROWN,,No
5060999705107,D-10W D-GREY,,No
5060999705060,D-10W GREEN,,No
5060999705077,D-10W NAVY,,No
5060999705046,D-10W ORANGE,,No
5060999705053,D-10W RED,,No
5060999705121,D-10W TAUPE,,No
5060999705114,D-10W YELLOW,,No
5060474529426,D-70 D-BROWN,,No
5060474528832,D-70 D-GREY,,No
5060474529488,D-71 D-BROWN,,No
5060474529433,D-71 D-GREY,,No
5060821280321,D-72 D-BROWN,,No
5060821280277,D-72 D-GREY,,No
5060474529549,D-73 D-BROWN,,No
5060474529495,D-73 D-GREY,,No
5060474529662,D-75 D-BROWN,,No
5060474529617,D-75 D-GREY,,No
5060474529723,D-76 D-BROWN,,No
5060474529679,D-76 D-GREY,,No
5060821285838,D-77 D-BROWN,,No
5060821285845,D-77 D-GREY,,No
5060474529815,D-80 D-BROWN,,No
5060474529730,D-80 D-GREY,,No
5060474529907,D-81 D-BROWN,,No
5060474529822,D-81 D-GREY,,No
5060474529990,D-82 D-BROWN,,No
5060474529914,D-82 D-GREY,,No
5060821280086,D-83 D-BROWN,,No
5060821280000,D-83 D-GREY,,No
5060821280178,D-84 D-BROWN,,No
5060821280093,D-84 D-GREY,,No
5060821286354,DORIS BLACK,,No
5060821286361,DORIS BRANDY,,No
5060821286378,DORIS TAN,,No
5060474524599,EDWARD BRANDY,,No
5060821286811,EDWARD BROWN,,No
5060474525312,ELLIOTT BLACK,,No
5060474525305,ELLIOTT TAN,,No
5060821286521,G-30 HONEY,,No
5060474526661,G-31 HONEY,,No
5060474526692,G-32 HONEY,,No
5060474526722,G-33 HONEY,,No
5060474526753,G-34 HONEY,,No
5060821281373,G-35 HONEY,,No
5060474526784,G-36 HONEY,,No
5060821281380,G-37 HONEY,,No
5060821286552,G-38 HONEY,,No
5060821286705,G-39 HONEY,,No
5060821283100,G-41 HONEY,,No
5060821283131,G-42 HONEY,,No
5060821283162,G-43 HONEY,,No
5060474524162,GARETH BLACK,,No
5060474523646,GARETH BROWN,,No
5060474524469,HARPER BRANDY,,No
5060821285456,J-11 WOODROSE,,No
5060821285470,J-12 WOODROSE,,No
5060821285579,J-15 PEACH-WHIP,,No
5060821285548,J-16 WINTER-SKY,,No
5060821285609,J-17 WOODROSE,,No
5061027914768,J-51 RASPBERRY-SORBET,,No
5061027914812,J-52 PEACH-WHIP,,No
5061027914829,J-52 WINTER-SKY,,No
5061027914836,J-52 WOODROSE,,No
5061027914973,J-54 BLUE-ATOLL,,No
5061027914980,J-54 GUMDROP-GREEN,,No
5061027914911,J-54 PEACH-WHIP,,No
5061027914928,J-54 RASPBERRY-SORBET,,No
5061027914959,J-54 WINTER-SKY,,No
5061027914966,J-54 WOODROSE,,No
5061027915000,J-56 BLUE-ATOLL,,No
5061027915062,J-56 PEACH-WHIP,,No
5061027915048,J-56 RASPBERRY-SORBET,,No
5061027915055,J-56 WINTER-SKY,,No
5061027914997,J-56 WOODROSE,,No
5061027915093,J-57 BLUE-ATOLL,,No
5061027915079,J-57 GUMDROP-GREEN,,No
5061027915123,J-57 PEACH-WHIP,,No
5061027915086,J-57 WOODROSE,,No
5060474523660,JASPER BROWN,,No
5060474524209,JASPER CHESTNUT,,No
5060474524100,JERRY BROWN,,No
5061027913655,LOLA BLACK 10,,No
5061027913662,LOLA BLACK 12,,No
5061027913679,LOLA BLACK 14,,No
5061027913686,LOLA BLACK 16,,No
5061027913693,LOLA BLACK 18,,No
5061027913709,LOLA BLACK 20,,No
5061027913716,LOLA BLACK 22,,No
5061027913723,LOLA BLACK 24,,No
5061027913730,LOLA BLACK 26,,No
5061027913648,LOLA BLACK 8,,No
5061027914621,LOLA BURGUNDY 10,,No
5061027914638,LOLA BURGUNDY 12,,No
5061027914645,LOLA BURGUNDY 14,,No
5061027914652,LOLA BURGUNDY 16,,No
5061027914669,LOLA BURGUNDY 18,,No
5061027914676,LOLA BURGUNDY 20,,No
5061027914683,LOLA BURGUNDY 22,,No
5061027914690,LOLA BURGUNDY 24,,No
5061027914614,LOLA BURGUNDY 8,,No
5061027913754,LOLA NAVY 10,,No
5061027913761,LOLA NAVY 12,,No
5061027913778,LOLA NAVY 14,,No
5061027913785,LOLA NAVY 16,,No
5061027913792,LOLA NAVY 18,,No
5061027913815,LOLA NAVY 20,,No
5061027913822,LOLA NAVY 22,,No
5061027913839,LOLA NAVY 24,,No
5061027913846,LOLA NAVY 26,,No
5061027913747,LOLA NAVY 8,,No
5061027913563,LOLA RED 10,,No
5061027913570,LOLA RED 12,,No
5061027913587,LOLA RED 14,,No
5061027913594,LOLA RED 16,,No
5061027913600,LOLA RED 18,,No
5061027913617,LOLA RED 20,,No
5061027913624,LOLA RED 22,,No
5061027913631,LOLA RED 24,,No
5061027913556,LOLA RED 8,,No
5061027914706,LOLA SKY 10,,No
5061027914713,LOLA SKY 12,,No
5061027914720,LOLA SKY 14,,No
5061027914737,LOLA SKY 16,,No
5061027914744,LOLA SKY 18,,No
5061027914751,LOLA SKY 22,,No
5061027913853,LOLA TAN 10,,No
5061027913860,LOLA TAN 12,,No
5061027913877,LOLA TAN 14,,No
5061027913884,LOLA TAN 16,,No
5061027913891,LOLA TAN 18,,No
5061027913907,LOLA TAN 20,,No
5061027913914,LOLA TAN 22,,No
5061027913921,LOLA TAN 24,,No
5061027913808,LOLA TAN 8,,No
5060821282912,OLIVER TAN,,No
5060474525282,OSCAR TAN,,No
5060474524391,PEDRO BLACK,,No
5060474523653,PEDRO BROWN,,No
5060474525176,PEDRO M-BROWN,,No
5060474524353,PEDRO MUD,,No
5060474525183,PEDRO TAN,,No
5060821284992,S-14 GREEN,,No
5060821284985,S-14 NAVY,,No
5060821284978,S-14 TAN,,No
5060821286446,SERGIO BLACK,,No
5060821286453,SERGIO BRANDY,,No
5060821286460,SERGIO TAN,,No
5061027913259,VIN-11 GREEN/TAN,,No
5061027913273,VIN-11 NAVY/TAN,,No
5061027913242,VIN-11 RED/TAN,,No
5061027913280,VIN-18 GREEN/TAN,,No
5061027913303,VIN-18 NAVY/TAN,,No
5061027913297,VIN-18 RED/TAN,,No
5061027913310,VIN-22 GREEN/TAN,,No
5061027913334,VIN-22 NAVY/TAN,,No
5061027913327,VIN-22 RED/TAN,,No
5061027913341,VIN-26 GREEN/TAN,,No
5061027913365,VIN-26 NAVY/TAN,,No
5061027913358,VIN-26 RED/TAN,,No
5061027913099,VIN-7 GREEN/TAN/NAVY,,No
5061027913112,VIN-7 NAVY/RED/YELLOW,,No
5061027913075,VIN-7 RED/GREEN/NAVY,,No
5061027913105,VIN-7 TAN/RED/GREEN,,No
5061027913082,VIN-7 YELLOW/GREEN/RED,,No
5061027913204,VIN-8 GREEN/TAN,,No
5061027913228,VIN-8 NAVY/TAN,,No
5061027913198,VIN-8 RED/TAN,,No
